ccbaCpno_item,longitude_item,latitude_item
1111100010000,126.975312652739,37.559975221378
1111100020000,126.988207994364,37.5715461695449
1113100040000,127.652160778359,37.3939072455202
1113300050000,127.833219375596,36.5421679403972
1113300060000,127.866630082822,37.0158885404695
1113400070000,127.134710477185,36.943151950305
1113400080000,126.655469090758,36.3446996913308
1113500100000,127.619971568516,35.4425391241814
1113500110000,127.030560529125,36.0124223230747
1113600120000,127.497444533919,35.2571531377685
1113600130000,126.686758419185,34.738787662775
1113700140000,128.764535947917,36.0200794751569
1113700150000,128.662442,36.65344383
1113700160000,128.746392271242,36.5659751219048
1113700170000,128.687451710932,36.9988050108967
1113700180000,128.68748555042,36.9989539877941
1113700190000,128.688515469067,36.9996018286797
1113700200000,129.332267999295,35.7899698186069
1113700210000,129.331984595091,35.7899677237892
1113700220000,129.331642804335,35.7897191051224
1113700230000,129.332158169199,35.7897229583531
1113700240000,129.349242,35.794852
1113700250000,129.188548279325,35.8251335576631
1113700300000,129.233641826763,35.840561548299
1113700310000,129.218993693668,35.834695848054
1113800320000,128.0980159,35.8011827
1113800330000,128.50264501968,35.5407250695667
1113800340000,128.496103617453,35.5395963195985
1113600350000,127.49652701406,35.2569773703239
1113200360000,128.569613,37.7657317
1113700370000,129.242391005132,35.8321857175997
1113700390000,129.212255439354,35.8936077546984
1113700400000,129.157669514943,36.0190473494375
1113300410000,127.48975464869,36.6330873652615
1113600420000,127.2756552,35.0021686
1113600430000,127.2756552,35.0021686
1113600440000,126.896264475771,34.8077435022035
1113700450000,128.6879994,36.9989709
1113700460000,128.6879994,36.9989709
1113800470000,127.650504705527,35.2324784611333
1113200480000,128.592070081831,37.7316038064596
1113400490000,126.622672726278,36.6632845477709
1113600500000,126.662111686294,34.7527543103396
1113200510000,128.891896913434,37.7529411974014
1113800520000,128.098720300091,35.8016023778966
1113600530000,127.588430206405,35.2552278706953
1113600540000,127.588262244393,35.2561033437638
1113300550000,127.833098082724,36.5419417095503
1113600560000,127.27649252568,35.0018816706123
1113600570000,127.059222230132,34.8882936734083
1113400580000,126.8595648,36.4173064
1113200590000,127.764709296462,37.2096197546811
1113500620000,127.053933184269,35.7231115250509
1113200630000,127.2180467,38.2405281
1113300640000,127.832483864655,36.541486086488
1113600670000,127.497211018003,35.257238210658
1113800750000,128.9623239,35.533758
1113400760000,127.0320687,36.806545
1113700770000,128.683830177852,36.2552065336905
1113400840000,126.605229576013,36.7738058344123
1111101010000,127.3922,36.3902
1113301060000,127.512007838177,36.6496642287998
1113701090000,128.64110421392,36.0489946895272
1113701120000,129.477006979332,35.7481399114246
1113601170000,126.8965153,34.8075776
1113101200000,126.8311887,37.1994932
1113201220000,128.54970669,38.1211098266828
1113701260000,129.3318932,35.7898809
1113701300000,128.281699692974,36.2485579923652
1113701320000,128.8109461,36.702059
1113601440000,126.690502400036,34.7638594612529
1112601470000,129.175090935504,35.6143464249842
1111101480100,126.95045327355,37.4623506678375
1111101480200,127.00303781214,37.4974828311898
1111101500000,126.95045327355,37.4623506678375
1111101510100,126.95045327355,37.4623506678375
1112101510200,129.0529875,35.1906
1111101520000,126.95045327355,37.4623506678375
1111101530000,126.95045327355,37.4623506678375
1113701810000,129.3822725,37.0008795
1113701870000,129.069496721185,36.5848625730672
1113301970000,127.838116122621,37.130875590851
1113301980000,128.321025920588,36.944434451512
1113701990000,129.081942767651,35.796818018841
1113702010000,128.736910477051,36.9312841780527
1113302050000,127.848500056674,37.0280868354749
1113802060000,128.0980159,35.8011827
1113702080000,128.0040771,36.1167724
1111102120000,126.9985492,37.5592488
1113202210000,128.569613,37.7657317
1111102230000,126.976953,37.578342
1111102240000,126.975569,37.579201
1111102250000,126.991100008613,37.5793794729159
1111102260000,126.995008,37.578748
1111102270000,126.993857,37.574782
1113802330100,127.810030229352,35.3002724371669
1113702360000,129.372992687772,35.7748660668149
1113702420000,129.4091392,37.04460792
1113102480000,126.9796956,37.4241633
1113702640000,129.263064134895,36.1298728090165
1111102650000,126.9793579,37.5729503
1113702830000,127.052183461948,37.3930295720453
1112602850000,129.177842844766,35.6038151324587
1113502890000,127.054583714475,35.9731253112553
1113802900000,129.063712922387,35.4880441674261
1111102910000,127.0191886,37.5887581
1113102960000,127.3976762,37.0264259
1113302970000,127.4132468,36.5523803
1113402980000,127.1872501,36.3652303
1113402990000,127.1840865,36.3350869
1113403000000,126.8595648,36.4173064
1113603010000,127.4975631,35.2554828
1111103030000,126.95045327355,37.4623506678375
1113603040000,127.73659430919,34.7420011232044
1113803050000,128.423094998737,34.8477499513518
1111103060200,126.95045327355,37.4623506678375
1113403070000,126.298985559069,36.7670610379784
1113603080000,126.631143109891,34.4748336093045
1113703110000,128.662676014702,36.6534417543708
1113703120000,129.235351103533,35.7714559121041
1113603130000,126.6803267,34.7367687
1113603140000,127.2756552,35.0021686
1113703150000,128.005561,36.700603
1113503160000,127.287158566049,36.0664174380754
1113703180000,129.30794819267,35.7833056305235
1111103190100,127.00303781214,37.4974828311898
1113103190200,127.052183461948,37.3930295720453
1111103190300,126.95045327355,37.4623506678375
1113403230000,127.112748,36.188228
1113703280000,128.369682,36.731467
1113203320000,128.893162091149,37.1822913176463
1121100010000,127.009658622204,37.5711309760079
1121100030000,126.988634645148,37.5710693985849
1123100040000,126.917722462831,37.4178993120815
1123100060000,127.65390794718,37.3927914935105
1123100070000,127.653058838789,37.3943007881472
1123100080000,127.654336061579,37.3928921768526
1123100090000,127.038757664452,37.3377855197085
1122300100000,126.420042864761,37.7800208605254
1123700110100,129.3179365,36.252233
1123200110300,127.9592173,37.6984221
1123100110400,127.2593041,36.9430596
1121100110500,127.0072993,37.6325695
1123100110700,127.0275929,37.4025646
1123100120000,127.185863542521,37.5168596337831
1123100130000,127.185912868769,37.516943524125
1123100140000,127.018724549967,37.2868476963283
1123300150000,127.833394479264,36.5425015793927
1123300160000,127.927344714459,37.1035735296302
1123300170000,128.047032478666,37.0306218908447
1123400180000,126.953050520418,36.4107072262339
1123400190000,126.656298342483,36.3443909659629
1123400200000,126.656036092539,36.3446360587898
1123500220000,127.053183321227,35.7234508100742
1123500230000,127.05355410648,35.723342898555
1123500240000,127.056322,35.724340
1123500250000,127.053868473384,35.7234370479718
1123500260000,127.053920970463,35.7234636545607
1123500270000,127.053473134113,35.7232684395624
1123500280000,127.053056901582,35.7221146538583
1123500290000,127.068178954773,35.7293449649045
1123500300000,127.367797149282,35.407018901717
1123500310000,127.367292969082,35.4066877676699
1123500320000,127.367677127273,35.4063128224617
1123500330000,127.634321,35.415550
1123500340000,127.634414,35.415993
1123500350000,127.635147847885,35.4168048815836
1123500360000,127.631549,35.416425
1123500370000,127.635233436021,35.4167427138235
1123500380000,127.63446,35.415922
1123500390000,127.634669,35.415778
1123500400000,127.619954931253,35.4425607438987
1123500410000,127.6353317,35.4169332
1123500420000,127.412626857943,35.41039021299
1123500430000,127.367752293722,35.4071805054331
1123500450000,127.007611207259,36.0298814958105
1123500460000,127.051871,35.97941457
1123400470000,126.655938134385,36.3445685165685
1123600490000,126.722738553288,35.0369147525346
1123600500000,126.712242374639,35.0395117398334
1123700510000,128.294926062353,36.6926991104031
1123700520000,128.914910450716,36.9472905202655
1123700530000,128.454774422337,36.6520043026788
1123700540000,128.265527219705,35.7272090389053
1123700560000,128.731387122263,36.5625486117059
1123700570000,128.635399734616,36.4820439680148
1123700580000,128.717787772242,36.572279687029
1123700590000,128.579600953573,36.9242225863648
1123700600000,128.617110264043,36.8191466895949
1123700610000,129.331621,35.790610
1123700620000,129.1758969,35.83352457
1123700630000,129.211247408685,35.8017720692457
1123700640000,129.254229363082,35.8261815850046
1123700650000,129.18482657843,35.8279596455259
1123700660000,129.22394548465,35.8331434495042
1123700670000,129.169688452798,35.8232909173997
1123700680000,129.210983563408,35.836269476309
1123700690000,129.243162918554,35.8164213165065
1123700700000,129.189941084065,35.8250087940259
1123800710000,128.428651248698,35.2552165475212
1123800720000,127.899849916022,35.321230299946
1123800730000,127.899597871283,35.3212302949895
1123800740000,129.086520866964,35.4739386114737
1123800750000,128.50843412427,35.5411109027672
1123200760000,127.721658731938,37.8920717984952
1123200770000,127.724237,37.885560
1123200780000,127.793275821331,37.1934352604691
1123200790000,127.888847286299,37.694271735368
1123200800000,127.883185524975,37.6876507598406
1123200820000,128.901236631821,37.7609065961295
1123200830000,128.903753176917,37.7567364358717
1123200840000,128.885556583881,37.7428054667811
1123200850000,128.887123286684,37.7077403090288
1123200860000,128.891837213896,37.7073055215843
1123200870000,128.885595908644,37.7427897304027
1123600880000,126.6163583,34.47596
1123600890000,126.663802889187,34.7539880728809
1123600900000,127.2756552,35.0021686
1123100910000,127.648092560684,37.2942500248431
1123100920000,127.648132646123,37.2941957980286
1123100930000,126.864540519464,37.7541865182651
1123300940000,128.083275303486,36.8573268733491
1123300950000,128.095107699145,36.8220171802343
1123300960000,128.095110064091,36.821604878772
1123300970000,128.023165453718,36.7918263401403
1123300980000,127.9292219,36.9692607
1123400990000,127.213630222907,36.8722045679361
1123401000000,126.557463415606,36.8320144031902
1123401010000,126.557427344102,36.8319335505028
1123401020000,126.602346384311,36.7622937083625
1123401030000,126.602499416169,36.7616684572193
1123401040000,126.601376116462,36.761534041421
1123401050000,126.600765935704,36.761242972372
1123401060000,126.6008132416,36.7611609379064
1123401080000,126.913342999646,36.2798204253372
1122401090000,126.907895345621,35.147901371467
1122401100000,126.933087626735,35.148910730521
1123601110000,126.98259802868,35.1854857041315
1123601120000,127.607355149932,35.0245400884225
1123701130000,128.614793162587,35.6431710765805
1123701140000,128.716720664532,36.5678881081939
1123701150000,128.705249316376,36.6065554093922
1123701160000,128.581945065526,36.91187738303
1123701170000,128.223198600087,36.4447862673023
1123701180000,128.171560642364,36.5681389743447
1123701190000,128.162037407286,36.4169341069809
1123701200000,128.17156541947,36.5681526274911
1123701210000,129.2300760894,35.8577781366711
1123701220000,129.174539387363,35.8047107980655
1123701230000,129.252743665298,35.8251761006521
1123701240000,129.24401221261,35.7931261692767
1123701250000,129.351130587927,35.8809386096532
1123701260000,129.350206829991,35.8813417344977
1123701270000,129.201942957476,35.8457147013099
1123801280000,128.096469424945,35.7993822386992
1123801290000,128.152712,35.734352
1122401310000,126.9699881,35.1287146
1123601320000,127.497844531907,35.2569785638374
1123601330000,127.497579767234,35.2570602335573
1123601340000,127.2756552,35.0021686
1123701360000,129.235633710182,35.8115224865444
1123701370000,128.005505452229,36.7006267092509
1121101410000,126.995994624414,37.5855354277329
1121101420000,127.018335917946,37.5729670160827
1123401430000,126.590447165806,36.7470337732228
1123801460000,128.553249212686,35.5317797593755
1123801470000,128.755108189419,35.4915310693697
1123401500000,127.122431760967,36.4516888840736
1123601510000,127.587401122974,35.2545057913441
1123601520000,127.587184,35.255017
1123601530000,127.588430206405,35.2552278706953
1123601540000,127.587024,35.255231
1123601550000,126.89989487999,34.8084905104772
1123601560000,126.887727,34.812792
1123601570000,126.897489787911,34.8084994344863
1123601580000,126.897420,34.808260
1123801590000,128.301141909366,35.2477019726108
1122301610000,126.445345,37.607783
1123401620000,126.860268129605,36.4176265430423
1123201640000,127.808931340218,37.9861704676871
1123201650000,128.877502,37.779217
1123501670000,126.793662830857,35.6436797484952
1123701680000,129.281191258188,35.8315718459164
1123701690000,128.005250624069,36.7000963396358
1123601700000,127.059222230132,34.8882936734083
1123701710000,128.010179,36.701350
1123701720000,128.009909,36.699629
1122601730000,129.238075712455,35.5328387012262
1123401740000,126.8595648,36.4173064
1123601750000,127.2756552,35.0021686
1121101770000,126.968631844562,37.5757020421186
1122301780000,126.484766,37.632094
1122301790000,126.484394,37.632143
1123101800000,127.661388882618,37.297911602265
1123401810000,126.859699027809,36.4174108732059
1123701820000,128.744690946119,36.565112782905
1123201830000,128.891154612648,37.7861999576438
1123401840000,126.947025397665,36.2353327899745
1123401850000,126.693329932675,36.316951630584
1123701860000,129.223073,35.780935
1123701870000,129.2212727,35.77856604
1123701880000,128.69139167469,36.4314724055796
1123701890000,128.577599383772,35.9821378028502
1123201910000,128.767344,37.738423
1123201920000,128.769542,37.736685
1123701930000,128.959749,35.660872
1123401970000,126.808375213584,36.4542982469856
1123701980000,129.23047370725,35.8190106406646
1123701990000,129.234960901358,35.7715094135097
1123702010000,129.232812251834,35.8146590446083
1123702030000,128.922509910447,35.6685116181331
1123602040000,127.2756552,35.0021686
1123602050000,127.2756552,35.0021686
1123602060000,127.2756552,35.0021686
1123602070000,127.2756552,35.0021686
1123702080000,128.960044,35.6611389
1122502090000,127.441416,36.364856
1123702100000,128.843464,36.727384
1123702110000,128.843615,36.727486
1123802120000,128.553456832577,35.5319753232157
1123202130000,129.160545583942,37.440882911489
1123202140000,128.895268075607,37.7635585556399
1121102150000,126.9594372,37.62708343
1123302160000,127.831998034576,36.5414049741324
1123402170000,126.900392534541,36.1910005916823
1123402190000,127.229276797333,36.2409816863705
1123702200000,128.687403109138,36.9998425965704
1123702200200,128.6875427,36.9998346
1123702210000,128.612923411702,36.8099469586456
1123802220000,128.116704029978,35.8133550451984
1123202230000,127.218097,38.240405
1123402240000,126.598637694712,36.1473872652323
1123102250000,127.661687750641,37.2975381279251
1123102260000,127.662231449411,37.2971187137826
1123802270000,128.4941031394,35.5438318475556
1123102280000,127.661663007746,37.298374928832
1123102290000,127.661663007746,37.298374928832
1123102300000,127.662218,37.297348
1123102310000,127.661625253707,37.298347493867
1123402320000,127.112943653501,36.188211497375
1123402330000,126.693327079054,36.3168907363848
1123502340000,126.796529112824,35.9594457926993
1121102350000,126.961218781656,37.6027003160317
1123502360000,127.030453,36.011972
1123702420000,128.667959465301,36.6580186556625
1122202430000,128.701137307573,35.9856827493256
1122202440000,128.7027458,35.99202379
1123702450000,128.272034270523,36.0881706754289
1123702460000,128.750740564392,36.4585425916718
1122202470000,128.702764,35.991914
1122202480000,128.705250,35.992479
1123702490000,128.687932173334,36.9988238521118
1122102500000,129.068414124906,35.2840296177467
1123702510000,128.327952618938,36.0869017236056
1123702520000,129.318099,36.252532
1123802530000,128.10983951841,35.7724906648033
1122202540000,128.704436464676,35.9920990735712
1123702550000,128.685640769175,36.9973834352186
1123402560000,127.185395115815,36.3647607658597
1123402570000,127.186437243161,36.3643832222375
1123602630000,127.276320509975,35.0024713337341
1123802640000,128.116975610804,35.8210041466173
1123802650000,128.109743591766,35.7727804749785
1123802660000,128.109691,35.772519
1123502670000,127.210446119091,35.6341785645717
1123502720000,127.523252223142,35.6484721782708
1123602730000,127.388100,35.131825
1123602740000,127.386936462109,35.1311633186038
1123602750000,127.386936462109,35.1311633186038
1123502760000,126.79671857207,35.9593286020669
1123502770000,126.5873047,35.6174818
1123502790000,126.5782994,35.4971744
1123502800000,126.5782994,35.4971744
1123502810000,127.379771273587,35.4039546620623
1123502890000,126.942970382988,35.6513481350609
1123502900000,126.578159930878,35.4972293069308
1123502910000,126.586946267733,35.6176596936888
1123502920000,126.649798466978,35.6628336652017
1123802940000,127.797204188024,35.5726356635718
1123802950000,128.549070081582,35.5316112941143
1123702960000,127.996671865719,35.8620025957687
1123702970000,127.996749,35.861847
1123602980000,126.711694890015,34.7425415958354
1123602990000,127.497923033034,35.2572664521966
1123603000000,127.497479915083,35.2572639440545
1123603010000,126.630902171544,34.4748254812441
1123603020000,127.275812664795,35.0018049726018
1123603030000,127.275843621644,35.0017209621352
1123603040000,127.338423,34.850087
1123703050000,128.762686322711,36.5750773094616
1123703060000,128.516803,36.539251
1123703070000,127.996516414689,35.8618277257762
1123503080000,127.14757738945,35.8135101784547
1123503090000,126.825860799005,35.6145318830118
1123803100000,128.498441,35.542571
1123803120000,128.626733689423,35.5615250997831
1123603130000,126.71070767546,34.7427266143411
1123703160000,128.960904,35.660896
1123703170000,128.960149571595,35.6611455089746
1123703180000,128.960139,35.661059
1123703190000,128.0040771,36.1167724
1123603200000,126.617158899039,34.477250546192
1123903220000,126.521489474308,33.5133609436166
1123703230000,128.708408254502,35.649433729026
1123403260000,127.0320687,36.806545
1123703270000,128.755646798823,36.2308026426701
1122203500000,128.371832,35.700773
1121103510000,126.948715,37.562919
1123803530000,128.00273624666,35.474308280373
1123403540000,127.213157270195,36.8701377801115
1123403550000,126.654617015489,36.6510045529146
1123403560000,126.69332913469,36.3172334772522
1123303670000,127.512007838177,36.6496642287998
1123303680000,127.512007838177,36.6496642287998
1122603690000,129.032633318151,35.6216999807517
1122603700000,129.072736341683,35.5554301483141
1123803710000,128.083333363312,35.175025281167
1123803720000,128.330154981189,35.1628372756357
1123803730000,128.234263821251,35.3097461566871
1123803740000,127.96662485943,35.4164211623178
1123803750000,127.655399429924,35.3849147633813
1123803760000,127.730586952196,35.5251768632044
1123803770000,127.932214681881,35.700194487611
1123803780000,127.894665721146,35.6876150742476
1123803790000,127.94083999328,35.1959923475365
1123803800000,127.65236667302,35.2350070858292
1123803810000,128.219575342749,35.5081556191547
1122603820000,129.22336544877,35.5224330454536
1121103830000,126.989943141531,37.5778538303159
1121103840000,126.996264,37.578801
1121103850000,126.995712,37.578769
1121103860000,126.996119283008,37.5788318414401
1123103880000,127.108036536157,37.849816090071
1123103890000,127.108033364174,37.8497729292183
1122303930000,126.4849558,37.6328895
1123603940000,126.711377079548,35.0333413490075
1123603950000,127.331204443346,34.9964273194268
1123603960000,127.700528173998,34.8211091672293
1123103970000,127.183737916317,37.7473346763574
1123403990000,126.53727738897,36.5450242324812
1123604000000,127.333336556502,34.9939717186313
1123104020000,127.016737494456,37.2775577801671
1123104030000,127.009693,37.285489
1123304040000,127.340220210484,36.8398527598449
1123304050000,128.417767680019,37.0542342004462
1123304060000,128.104907606603,36.8698290548228
1123404070000,127.085947017375,36.7278302565863
1123404080000,127.205868576682,36.1055094505557
1123404090000,126.6496821,36.8102504
1123704110000,129.252714343803,36.0019540487402
1123704120000,129.252884111713,36.0000741830292
1123704130000,129.160115532116,36.0166712648004
1123704140000,128.51709753747,36.5384472416869
1123704150000,129.3971458,35.8391182
1121104170000,127.0326858,37.5891997
1121104190200,126.9979403,37.5640907
1121104190400,127.0326858,37.5891997
1123504200000,127.6198604,35.4423068
1123504220000,127.3914238,35.4124146
1123504230000,127.301921492387,35.4345404153604
1123704240000,128.400942795273,36.7310784835794
1123704250000,128.400923448357,36.7310802495089
1123704260000,128.461758837065,36.6589334920695
1123704270000,128.461707544689,36.6590201946481
1123704280000,128.778977,36.127581
1123704290000,128.778819,35.945194
1123704300000,129.318992046986,36.254304710929
1123704310000,128.735976595262,35.9816154652358
1123304330000,127.927690746794,36.7547422180342
1122104340000,129.068144199838,35.2839341358245
1123104350000,127.430766189259,37.0784498584666
1123804360000,128.701825727666,35.2158321581956
1123204390000,128.546049507229,38.1226686250197
1123704420000,129.252010267559,35.9994687051447
1123204430000,128.499525766915,38.172002730087
1123204440000,128.516270558557,37.9444976379169
1123204450000,128.515992569318,37.9452569030403
1123204460000,128.515941058508,37.9453601974572
1123204470000,128.516337504196,37.9449388968467
1123704480000,128.662546,36.653330
1123704490000,128.6623,36.653384
1123704500000,128.856397795398,36.5359106744603
1123704570000,128.39762331395,36.6923212511795
1123304590000,128.230522248762,37.1477892221326
1123604610000,126.780650828667,34.9382716404841
1123604620000,126.780676633088,34.938147299155
1121104630000,127.814879,37.338466
1123204640000,127.815099895898,37.3382568030476
1123704650000,128.898757611442,35.9375009927072
1123804660000,128.846474019018,35.4546830199593
1123804670000,128.960380227155,35.5326750005585
1123804680000,128.811869856328,35.4607595005918
1123704690000,128.362038344744,36.2516402580034
1123704700000,128.399328243194,36.2553800568758
1123804710000,129.064199550621,35.4880190353727
1123804720000,128.236534260336,35.3098896491956
1123804730000,127.736131716371,35.3276224972573
1123804740000,127.703854551539,35.3946506172331
1123704750000,128.663731762691,36.4637851688906
1123404780000,127.1872501,36.3652303
1123804800000,128.002875673369,35.4742972369922
1123704850000,128.5803158,36.9250588
1123704860000,128.7680167,35.9965597
1123104880000,127.396783,37.02629
1123804890000,128.001937,35.474187
1123704900000,128.301717919041,36.0966388266307
1123804910000,128.974929272542,35.3162462769723
1123704920000,128.373983918587,36.2037862926954
1123804930000,128.756652662,35.491718106
1123804950000,128.2623761,35.0802824
1123204960000,127.589936501936,38.0963776623582
1123204970000,128.439838887177,38.0765835312917
1123704980000,129.34710508384,36.9294651999082
1123204990000,128.627169864533,38.1248902666417
1123805000000,127.650817917551,35.2325533154727
1123605030000,126.310456,34.592505
1123605040000,126.527874465121,35.2522979739349
1123605050000,126.992370168256,35.3206039552221
1123605060000,126.991802058243,35.3199238212367
1123605070000,126.686396,34.738745
1123405080000,126.669451854002,36.6839416449163
1123605090000,127.386078380263,35.2305833487503
1123705100000,128.594493843632,36.0013991753942
1123305110000,127.562436206699,36.5505045492425
1123305120000,127.9008604,36.9467427
1123705130000,128.9688734,36.0394867
1123705140000,128.759188255119,36.0037611914094
1123705170000,128.940909,35.925191
1123805180000,128.092806795048,35.8015348547971
1123805190000,128.553250606709,35.5317851734924
1123805200000,128.48973239715,35.5404792448441
1123705210000,128.928982827552,35.9664246532488
1121105230100,127.0033766,37.4973544
1121105230200,126.9985492,37.5592488
1123705240200,129.2271211,35.990195
1123705260200,129.1599347,36.0165918
1123305280000,128.171711095637,37.0049379666925
1123605290000,126.292486693719,34.53741327621
1123805300000,127.793353871198,35.7337664810932
1123105310000,127.573498059266,37.5509318762548
1123305320000,127.609847647595,36.1560980932042
1123305330000,127.610713905151,36.1583335575777
1123305340000,127.609881,36.156807
1123305350000,127.613139793921,36.1570985002499
1123405360000,127.008246935622,36.7443822072541
1123405370000,127.016374592385,36.7612756115363
1123405380000,126.668059929059,36.6036916608023
1122205390000,128.518800302081,35.7493880822271
1123205400000,127.888819307419,37.694183967031
1123205410000,128.146817007138,37.7862768812672
1123205420000,128.146818982585,37.786296129266
1123205430000,128.146820836855,37.7863150212311
1123205440000,128.146814881683,37.7862590754558
1123205450000,128.147088141217,37.7860833201086
1123305460000,128.171799264097,37.0040480653243
1123905470200,126.560076,33.2541205
1123705480200,128.8109461,36.702059
1123705490000,128.729357,36.5683543
1123705530000,128.580351590283,36.5742683283477
1122205540000,128.416704,35.911303
1123705620000,128.766129,35.936388
1123605630000,127.696946810684,34.8227440617598
1123105650000,126.965388766275,36.9504674791494
1123105670000,127.1008528,37.1080204
1121105681300,126.7300734,36.6868042
1121105690400,126.9765897,37.5862294
1123605710000,127.738956630843,34.7400339935271
1123605720000,127.2756552,35.0021686
1123705750000,128.2718729,36.7497042
1123605780000,127.7003067,34.8206321
1123705810000,129.405379183244,35.8033631678997
1123405820000,127.1872501,36.3652303
1123505830000,127.145296872014,35.8184208883685
1123605840000,127.416625,35.285478
1123705860100,129.1633111,36.0117115
1122406000000,126.972500694689,35.1222922340874
1122206010000,128.704896,35.992232
1123206020000,128.876652382846,37.7782784776784
1123706050000,128.2920737,35.71263572
1123706060000,128.004523505001,36.1167510346381
1123706070000,128.003297442394,36.1168703793494
1123506080000,127.256799,35.910472
1123706090000,129.170237633232,36.6470123335109
1123706100000,129.113593141934,36.652238316075
1123106110000,126.978644675711,37.6455663847986
1123206120000,128.260418197571,37.3724297975271
1123806140000,128.014946904611,35.0865854697662
1122306150000,126.424437244233,37.7812646971007
1123706160000,128.928257605028,35.969993168861
1123706550000,128.371192820217,35.9511626483417
1123306560000,127.838117661862,37.1308510990376
1121106570000,126.95284078379,37.6424553125899
1123306580000,127.838095672507,37.1309130231163
1123506620000,127.287075724417,36.0662234076378
1123306640000,127.413276194808,36.5525620835315
1123706650000,129.239561682412,35.8284387467592
1123706660000,129.218216183403,35.7953372205579
1123706670000,128.5158286,36.7475903
1123806710000,128.2601525,35.3242416
1122206730000,128.451890,35.697744
1123706740000,129.365674732919,36.6458020811009
1123706750000,128.766209779325,36.0841042659394
1123706760000,128.766369042395,36.084253133147
1123706770000,128.854396234692,35.6343873773317
1123706780000,128.959732,35.661086
1123706790000,128.201934935514,36.2242987736028
1123706800000,128.685428977488,36.8432457784827
1123706810000,128.670666063215,36.8231918358542
1123706820000,128.601954562692,36.2576913064738
1123706830000,127.902086479628,36.5376595140396
1121107060000,127.0191886,37.5887581
1121107100000,127.0191886,37.5887581
1121107100200,127.0191886,37.5887581
1121107100300,127.00303781214,37.4974828311898
1121107100500,127.0191886,37.5887581
1123707170000,128.5803158,36.9250588
1121107190000,126.9985492,37.5592488
1121107200000,126.9985492,37.5592488
1123707290000,128.3694961,36.7313865
1123707300000,129.273021100354,36.9411349436265
1123807340000,128.0980159,35.8011827
1123707350000,128.6879994,36.9989709
1121107360000,126.9367789,37.5791158
1123607370000,126.9900648,35.3135402
1123807380000,129.0643866,35.4879561
1121107450100,126.9392612,37.551191
1121107450200,126.9985492,37.5592488
1121107450400,126.9384179,37.5655342
1123207450500,127.9592173,37.6984221
1121107450700,126.9793579,37.5729503
1121107450800,126.9793579,37.5729503
1123607450900,126.8965153,34.8075776
1123507451000,126.8860762,35.4552786
1121107480000,127.0182146,37.589116
1123107490000,126.979101465293,37.6458103505825
1123207500000,127.792057094765,37.1930838479793
1123807570000,129.0643866,35.4879561
1121107580000,126.9793579,37.5729503
1121107610000,126.952103133088,37.4593849410505
1121107620000,126.9985492,37.5592488
1121107630000,127.0434707,37.5905477
1121107650000,126.95045327355,37.4623506678375
1121107690000,127.0400189,37.5743682
1121107700000,126.95045327355,37.4623506678375
1121107710000,126.95045327355,37.4623506678375
1121107720000,127.0434707,37.5905477
1121107720200,126.95045327355,37.4623506678375
1123607720300,126.8965153,34.8075776
1121107740000,126.9985492,37.5592488
1123707900000,128.767734,35.996623
1123407940000,126.67817016882,36.7543994371333
1123607950000,126.904508823866,34.5519774335564
1123607960000,126.879201036192,34.9232926352116
1123607970000,126.879949697499,34.9247780745931
1123607980000,126.879993398582,34.9248986537915
1123407990000,127.012103255949,36.5590448636654
1123408000000,127.011713060686,36.5577959681061
1123408010000,127.012125495229,36.5594832080553
1123408020000,127.012125058493,36.5592217502912
1123508030000,126.563789825152,35.4930470829557
1123608040000,127.514288275269,35.0620137481576
1122208050000,128.714794,35.976337
1121108090000,126.978080939393,37.5803189272242
1121108100000,126.978108635419,37.5804666271064
1121108110000,126.976924,37.580105
1121108120000,126.976910,37.577595
1121108130000,126.991158,37.578691
1121108140000,126.991697,37.579504
1121108150000,126.992224,37.579557
1121108160000,126.992345,37.580006
1121108170000,126.990135983938,37.5796338666241
1121108180000,126.993716,37.579523
1121108190000,126.974735,37.565468
1121108200000,126.975873,37.565806
1121108210000,126.992656,37.575844
1123108220000,127.415249173144,37.2817396535506
1123108230000,127.306748080073,36.9398889335819
1123108240000,127.289070407577,36.9135428172787
1123508250000,126.915605335021,36.0817930116974
1123508260000,127.046955665568,35.7453168681555
1123508270000,127.052918345025,35.7233071270424
1123508280000,127.053040674,35.7232692636016
1123608290000,126.777570127963,34.6664438403204
1123608300000,126.549971929881,35.2007565211735
1123608310000,127.394747577795,34.8731039615069
1123708320000,128.542945948212,36.9507265691069
1123708330000,129.403487443075,35.838127733896
1123708340000,128.936089,35.656316
1123708350000,128.960388,35.661713
1123708360000,128.719750,35.715976
1121108380000,127.04385202356,37.5906146928496
1121108460000,126.994527798623,37.5799879805638
1121108470000,126.976951628204,37.5806222344796
1123308480000,127.8331727,36.5418911
1121108500300,126.95045327355,37.4623506678375
1121108510000,126.994938137596,37.5774924119084
1121108650000,127.00303781214,37.4974828311898
1123108740000,127.052183461948,37.3930295720453
1121108770000,126.9793579,37.5729503
1121108820000,126.952266653569,37.464530488163
1123709070000,129.133267613727,35.8992637275624
1123709080000,129.12176454421,35.8694877907166
1123709090000,129.217055218399,35.8137131835561
1123709100000,129.25334834083,35.8288780908243
1123709110000,129.350936449045,35.795394936334
1123709120000,129.322059481032,35.7903098836586
1123709130000,129.222892015881,35.7808587396864
1123509140000,126.777365116592,35.5593110453755
1123309150000,127.833540626439,36.5427760427143
1123309160000,127.833014978324,36.5423711498134
1123609430000,127.230370195395,34.7999543770169
1123609440000,127.230243856548,34.8690149616536
1123609450000,127.340776612476,34.9253709826545
1123609460000,127.340838531818,34.9253567522243
1123609470000,126.577865281447,34.3829751010019
1123109800000,126.8311887,37.1994932
1123109810000,127.209014770521,37.5177188774212
1123109820000,127.40068568793,37.2719230846342
1123109830000,127.397554752587,37.0267171964337
1123309840000,127.817666644308,36.2622841793298
1123309850000,127.482037088031,36.6419368046843
1123409860000,126.7835846,36.3770441
1123409870000,126.6910612,36.8856438
1123709880000,128.653992643843,36.0609912311809
1123709890000,128.3694961,36.7313865
1123709890200,128.3694961,36.7313865
1123709900000,128.1060925,36.4306069
1123709910000,128.2718729,36.7497042
1122209920000,128.6404767,36.0014938
1123709930000,129.3011088,36.5986763
1123709950000,128.800477013272,36.9812541478233
1123709960000,128.49884224,36.9389138885
1123709960200,128.4995307,36.9407852
1123809980000,129.131724328257,35.4058591865886
1121110000000,126.959868538,37.6269881504
1123710020000,128.729357,36.5683543
1123410070000,127.492452,36.1313562
1121110090000,126.9985492,37.5592488
1123110100200,126.7682721,37.6976621
1123610400000,127.4975631,35.2554828
1123610430000,127.2756552,35.0021686
1123610440000,127.3644663,34.9917681
1121110860000,126.95045327355,37.4623506678375
1121110870100,126.95045327355,37.4623506678375
1121110890000,126.9793579,37.5729503
1123810900200,128.1452321,35.2572074
1123110950000,126.8311887,37.1994932
1123811120000,127.806735144634,35.3560749235322
1123811130000,127.810218945932,35.300281964612
1123811140000,127.805543,35.294278
1123611150000,127.13546777933,34.9002913770327
1123611160000,127.171798985299,35.0179481638476
1123611170000,127.326915890355,34.9962524778339
1123611180000,126.704177236193,34.7911192214316
1121111190000,126.994459581892,37.5821333093361
1123811200000,128.950896644028,35.4264580098688
1123711210000,128.138660840365,35.8863577988956
1123711220000,128.412912247458,36.1151113044781
1123511230000,127.524654409584,35.3675694884681
1123111280000,127.052183461948,37.3930295720453
1123111290000,127.052183461948,37.3930295720453
1123111300000,127.052183461948,37.3930295720453
1123111310000,127.052183461948,37.3930295720453
1123111320000,127.052183461948,37.3930295720453
1123611340000,126.6628287,34.7527299
1123111350000,127.052183461948,37.3930295720453
1123111360000,127.059045,37.3907319
1123211820000,128.2041657,38.1246577
1123611830000,126.578109341671,34.3828031378332
1123611840000,127.3278799824,34.9981827666054
1123611850000,127.329700386654,34.9983165214001
1123711860000,128.003677069136,36.116631492418
1123911870000,126.598544211899,33.5293780667049
1123711880000,129.221404823633,35.7647998570026
1123111930200,126.974851135691,37.576571075929
1123511970000,127.052183461948,37.3930295720453
1123511980000,127.052183461948,37.3930295720453
1123512000000,126.562798641599,35.4809610978265
1123712010000,129.273843544247,36.9411227229164
1121112100000,126.9793579,37.5729503
1122212140000,128.6404767,36.0014938
1123712160000,127.052183461948,37.3930295720453
1123212200000,128.876652382846,37.7782784776784
1123712210000,128.729357,36.5683543
1122112240200,129.0922773,35.2429921
1123112250000,126.7282875,37.6077543
1123812420000,128.09653346803,35.7991803988132
1123512430000,127.241751354173,35.8857652811664
1123512440000,127.241976602216,35.8853739951623
1121112450000,126.9654442,37.5384272
1123412460000,127.0422969,36.6757701
1123412470000,127.0422969,36.6757701
1123612520000,126.8965153,34.8075776
1123812530000,128.0980159,35.8011827
1123612540000,126.8965153,34.8075776
1123512550000,127.2418886,35.8855161
1123112560000,127.3976762,37.0264259
1123112570000,127.2593041,36.9430596
1123312590000,127.8331727,36.5418911
1123412600000,127.012313,36.5590461
1123412610000,127.0422969,36.6757701
1123412620000,126.6532775,36.6496211
1123412630000,126.6208122,36.6631975
1123412640000,126.5903434,36.7466728
1123412650000,126.6930634,36.3169817
1123512660000,127.3909587,35.7476622
1123512670000,127.6917961,35.9439293
1123512680000,126.5873047,35.6174818
1123512690000,126.6499048,35.6627391
1123712700000,128.7593287,36.0036716
1123712710000,128.7188708,36.0389433
1123712720000,129.2736077,36.9409496
1123812730000,128.0980159,35.8011827
1123512740000,127.2418886,35.8855161
1123212750000,128.341127981131,38.1206509545742
1123212760000,128.340563076393,38.1210902447278
1123212770000,129.014503508023,37.4635746334269
1123712780000,128.0808102,36.4378734
1123612790000,126.8704309,35.0399714
1123712800000,129.3688714,35.9263094
1123612830000,126.690391494513,34.7628124868517
1123412840000,127.21396278445,36.3626237456642
1123412850000,127.213915369194,36.3626370927464
1123612880000,127.738926979564,34.7400240352325
1121112910000,127.015233,37.4810478
1123212920000,129.0130484,37.4632838
1123412930000,127.184909,36.335432
1123312950000,127.929422,36.753579
1123312960000,128.130221373819,36.8792588172591
1123312990000,127.655358176171,36.7573010300007
1123813000000,128.095169320516,35.8025567347407
1123813010000,128.095353,35.802194
1123113020000,127.2593041,36.9430596
1123613070000,127.414065366811,34.6388126488118
1123613090000,126.586375,34.760844
1123613100000,126.823477499634,34.9087572161829
1123613110000,127.331096599402,34.9965454772831
1123613120000,126.6803267,34.7367687
1123613140000,126.6803267,34.7367687
1123613150000,126.6803267,34.7367687
1123813160000,127.9668949,35.4163858
1123813170000,128.1536575,34.9582682
1123613220000,127.143477878077,35.249260774484
1123113230000,126.717684131897,37.8249347910759
1123113240000,126.780938550582,37.4541039013043
1123713300000,128.3694961,36.7313865
1123613310000,127.7002219,34.8210036
1123613320000,127.7002219,34.8210036
1123613330000,127.7002219,34.8210036
1122213350000,128.4893367,35.8552388
1123213360000,128.379123,38.402489
1123213370000,128.398357,38.386739
1123313380000,127.564223954755,36.2598244963343
1123413390000,126.8022982,36.1440575
1123613400000,127.485705,35.2795889
1123613410000,127.2619208,35.2655675
1123613420000,126.5664693,34.3832573
1123613430000,126.6988802,35.0415618
1123613440000,127.299016,34.5566679
1123613450000,126.9846152,35.0599119
1123613460000,126.884019657301,35.4404662053491
1123613470000,126.613886127133,34.4764967806197
1123613480000,127.4975631,35.2554828
1123613490000,127.3876008,35.1316345
1123613570000,126.6163583,34.47596
1121113580200,126.95045327355,37.4623506678375
1123313600000,127.8331727,36.5418911
1123313610000,127.8331727,36.5418911
1123213620000,128.6273736,38.1246403
1123613630000,127.5030244,35.2617944
1123813640000,127.6497858,35.2331168
1123813650000,127.6497858,35.2331168
1123613670000,127.2756552,35.0021686
1123613680000,127.2756552,35.0021686
1123313700000,127.927509,36.751485
1123313710000,127.909120,36.280700
1123613720000,126.593301,35.033124
1123713740000,128.1624535,36.3366593
1123613770000,126.5497722,35.2008006
1123813780000,127.6497858,35.2331168
1123713790000,128.7999498,36.9813937
1123413810000,126.6208122,36.6631975
1121113830000,126.9961867,37.5365283
1123613950000,126.665309973613,34.7544830586457
1123613960000,126.747416,34.587788
1123314010000,127.830655245498,37.0655671835467
1123714020000,128.579847853869,36.9249131962921
1123714030000,128.580151884813,36.9247831486823
1123314130000,127.8331727,36.5418911
1123314160000,127.854453,36.550314
1123314170000,127.832826013148,36.5424455784045
1123314180000,127.854453,36.550314
1123714270000,129.320294969665,35.7587896250924
1123714290000,129.349795646177,35.6978297767357
1123614330000,126.662872912541,34.7528236247115
1123514340000,127.303550071315,36.1088895931503
1123814360000,127.813248873478,35.7698025761029
1121114390000,126.9367526,37.5206508
1123714450000,128.3694961,36.7313865
1123814460000,127.9229485,34.7880541
1121114600000,126.9750217,37.565897
1122114610000,129.069674503423,35.2837157445521
1121114620000,126.916619561156,37.6087288095341
1122214630000,128.4893367,35.8552388
1121114630300,126.95045327355,37.4623506678375
1121114630400,127.0326858,37.5891997
1122214640000,128.4893367,35.8552388
1122214650000,128.4893367,35.8552388
1122214660000,128.4893367,35.8552388
1123614670000,127.2756552,35.0021686
1123814710000,129.064931732911,35.4878679276122
1121114780000,126.97893755809,37.5815195118825
1123414950000,127.0987453,36.1870656
1121115040000,126.95045327355,37.4623506678375
1122215050000,128.7036904,35.9933036
1122415070000,126.9413548,35.148085
1123115110000,127.052183461948,37.3930295720453
1123115120000,127.052183461948,37.3930295720453
1123115140000,127.052183461948,37.3930295720453
1123115150000,127.052183461948,37.3930295720453
1123515160000,127.0468265,35.7451529
1123715230000,129.332455776048,35.7895399154854
1121115240000,127.076754,37.645436
1122115250000,129.0922773,35.2429921
1122115260000,129.0922773,35.2429921
1123315270000,127.9210881,37.1147586
1121115280000,126.9384179,37.5655342
1121115290000,126.9384179,37.5655342
1121115300000,126.9394838,37.5646597
1123115320000,127.610139,37.311191
1123115350000,127.052183461948,37.3930295720453
1123115360000,127.052183461948,37.3930295720453
1121115370000,127.00303781214,37.4974828311898
1121115370200,126.95045327355,37.4623506678375
1121115390000,126.9394838,37.5646597
1121115420000,126.95045327355,37.4623506678375
1123615440000,126.7122294,35.0394608
1123615450000,126.8238304,34.9085234
1123615460000,127.4762849,35.2737403
1123615470000,126.5989274,34.5732516
1123615490000,127.2756552,35.0021686
1123615520000,126.6163583,34.47596
1123615550000,126.8891283,35.3408354
1123615560000,127.7002219,34.8210036
1123615570000,127.4406721,34.6477729
1123615580000,127.3309363,34.9966306
1121115600000,126.95045327355,37.4623506678375
1123715620000,128.6874968,36.9988527
1122215630000,128.704236,35.993199
1123415650000,126.6930634,36.3169817
1123615660000,127.7002219,34.8210036
1123715680000,128.229039738269,36.3641479241957
1123415690000,127.180898692685,36.208834419407
1123715700000,129.145959659946,36.3968026306968
1123715710000,128.8333196,36.7418843
1123415720000,126.6208122,36.6631975
1123115730000,127.4048806,37.3086173
1123715740000,128.006462,36.700207
1123715750000,128.290433,35.927063
1123715760000,128.00445667152,36.1170232968488
1123515780000,127.149771958054,35.8153015481437
1121115800000,126.9050734,37.6158827
1121115830000,126.95045327355,37.4623506678375
1121115840000,126.95045327355,37.4623506678375
1121115850000,126.95045327355,37.4623506678375
1121115860000,126.95045327355,37.4623506678375
1121115870000,126.95045327355,37.4623506678375
1121115880000,126.95045327355,37.4623506678375
1121115890000,126.95045327355,37.4623506678375
1121115900000,126.95045327355,37.4623506678375
1121115910000,126.95045327355,37.4623506678375
1121115920000,126.95045327355,37.4623506678375
1121115930000,127.00303781214,37.4974828311898
1121115940100,127.00303781214,37.4974828311898
1123715940200,128.7593754,35.8285272
1121115940300,127.0326858,37.5891997
1121115950100,127.00303781214,37.4974828311898
1122115950200,129.081358714712,35.2357852442956
1123115970000,127.052183461948,37.3930295720453
1123716040000,128.7896748,35.9918398
1123716050000,128.5774256,35.982098
1123716060000,128.5774256,35.982098
1123716080000,128.2989259,36.0156539
1123716090000,129.3569438,36.2288542
1122216100000,128.7036904,35.9933036
1123716110000,129.3971458,35.8391182
1123716120000,128.8978297,36.1260079
1123716130000,128.960044,35.6611389
1123716140000,128.662533,36.6532649
1123416190000,126.5903434,36.7466728
1123716200000,128.662533,36.6532649
1123216250100,128.876652382846,37.7782784776784
1123116270000,127.3977721,37.0286501
1123116310100,127.052183461948,37.3930295720453
1123116310200,127.052183461948,37.3930295720453
1123116320300,127.052183461948,37.3930295720453
1123716360000,128.687403109138,36.9998425965704
1123716480000,128.377246388527,36.7779859256409
1122516520000,127.375083429742,36.3754127889834
1123716560000,128.146679188225,35.803289159357
1123116730000,126.859615959608,37.315029903521
1123116740000,127.052183461948,37.3930295720453
1123116810000,126.974851135691,37.576571075929
1123816820000,128.6818441,35.2278754
1123117090000,127.018119,37.287563
1123117100000,127.00955,37.28582
1123217230000,128.629271518019,38.1258732433483
1123117240000,127.052183461948,37.3930295720453
1123717250000,128.257197830889,35.7230746602972
1123717270000,129.216838286799,35.8315914831381
1121117380000,127.046604,37.553098
1123817390000,128.538270505239,35.4569202951955
1121117400000,126.987997049354,37.5777602149146
1123117410000,127.131092945385,37.6242532510724
1123117420000,127.128234017351,37.6159759444732
1123117430000,127.133139817093,37.625678003918
1123717440000,129.332064298536,35.7901542005641
1123717450000,129.331767,35.789798
1123417460000,127.073210172001,36.2598389131139
1121117590000,126.977000,37.578939
1121117600000,126.975938293182,37.5789812171755
1121117610000,126.977071,37.581968
1121117620000,126.990051738202,37.5784730415323
1121117630000,126.993202,37.581592
1121117640000,126.993464129248,37.5787427587353
1121117690000,126.992737,37.581925
1121117700000,126.992332,37.583179
1122117710000,129.232886808482,35.3748660456851
1123118030000,127.131335,37.624630
1121118040000,127.083725,37.465396
1121118050000,127.043238,37.590032
1123618070000,126.616716524443,34.4766437509629
1123118080000,127.302506797286,37.5711538253695
1121118200000,126.953554315741,37.5969977389022
1123718250000,128.762086111561,36.4242096634339
1123818260000,129.064964,35.488050
1123818270000,129.064265289641,35.4882899495282
1121118280000,127.031065463457,37.5911333285096
1123718310000,128.377172761855,36.4901868829312
1123218320000,128.446104,38.129492
1123718400000,129.044177,36.417680
1123818490000,127.923129901527,34.7881103914702
1122218500000,128.641069,36.001568
1123718670000,129.216059,35.810290
1123718680000,129.317807418524,36.2522403474434
1121118810000,126.966472,37.592611
1122118960000,129.012699021903,35.1835699900739
1125019020000,126.515617912806,33.5115522839389
1123719170000,128.438744452085,36.7053404344559
1123719280000,129.23433800149,35.8335929863765
1123719350000,129.232802451491,35.770590299373
1123319410000,127.578919231808,36.71671575511
1123119420000,127.004983748912,37.2124329697814
1123719450000,128.24191033237,36.3360368019616
1123419760000,126.578581461066,36.7791697195637
1123219810000,128.484150950028,38.175984894242
1123219950000,128.556135,37.789904
1123120130000,127.302469650578,37.5711562664478
1123420210000,126.656133317875,36.3447043736736
1123620240000,127.476327488951,35.2739104317314
1123120350000,127.012429581918,37.2833587833735
1123120360000,127.397534287458,37.0266008929602
1123620370000,126.716481714626,35.0333290233812
1123220460000,128.896645,37.795103
1123720470000,128.040021,36.029639
1123720480000,128.916587,36.938757
1123720490000,129.055494,36.433183
1123720500000,128.548774,36.579617
1123720510000,128.578490,36.579245
1123720520000,129.246141,36.048946
1122220530000,128.397376,35.881630
1123620540000,126.732343,34.829552
1123520550000,127.344269,35.745923
1123520650000,126.578387,35.496968
1123720680000,128.932669,36.546654
1123720690000,129.114161,36.650477
1123720780000,128.750287,36.458637
1123220880000,128.895127,37.763215
1123220890000,128.895194,37.763392
1123120900000,127.012097,37.272838
1123120910000,127.276493,37.014068
1123120920000,127.276353,37.013731
1123820930000,127.955170,35.308970
1123820940000,128.754222,35.506636
1123820950000,128.754564,35.506590
1123720960000,128.157406,36.406651
1123720970000,129.216862,35.831560
1123720980000,129.217044,35.831086
1123620990000,126.984550,35.216802
1123621000000,126.984368,35.216697
1123621010000,127.479119,34.954328
1123721020000,128.338676,36.227646
1123721030000,128.338604,36.227778
1123721040000,128.552719,36.540410
1123721050000,128.84356,36.72701
1123721060000,128.843358,36.726922
1123321070000,127.555826,36.329502
1123721080000,128.0010002,36.7025214
1124521190000,127.192054,36.61119014
1123421200000,127.187661793341,36.3653759220272
1123721210000,128.377647,36.490174
1123621220000,127.483787837115,34.954370292007
1123521290000,127.662294,36.003940
1123121300000,127.106684,37.846186
1123721310000,128.577483,35.982403
1122221320000,128.7052097,35.99250892
1122221330000,128.7053969,35.99276988
1333700010000,129.212833300472,35.8072408285395
1333800020000,128.8741748,35.23235145
1333100030000,127.013255,37.281792
1333400040000,126.8996423,36.19760303
1333400050000,126.9126208,36.29085791
1333700060000,129.2307733,35.83572849
1333700070000,129.24383198761,35.8170225886885
1333700080000,129.242754851173,35.8194455262962
1331100100000,126.984784033272,37.5765490751675
1331100110000,127.115877984587,37.5339393850176
1333400120000,127.1265203,36.46388064
1333400130000,127.1134976,36.46310817
1333400140000,126.9427975,36.27784282
1333700150000,129.206965660819,35.8284344285037
1333700160000,129.223004059861,35.8318014319246
1333700180000,129.226486463902,35.83471758976
1333700190000,129.218356521634,35.8322250736519
1333700200000,129.187876707128,35.8251520779403
1333700210000,129.191472432783,35.8451408198327
1333700220000,129.228795883341,35.7937052372563
1333700230000,129.187374849255,35.7628086871034
1333700240000,129.201662,35.886935
1333700250000,129.054809570547,35.8450385368466
1333700260000,129.320216,35.759664
1333700270000,129.29691633254,35.7784354901655
1333700280000,129.281121,35.787106
1333700290000,129.244716705121,35.8437432577728
1333700300000,129.207524750499,36.0190387798418
1333700310000,129.476790715219,35.7482038583058
1331100320000,126.959456408281,37.5725398143779
1331100330000,126.959625665764,37.5722516381974
1333400340000,126.963743459469,36.2851498763301
1333200370000,128.572435646035,37.7562778390854
1333400440000,126.909039076758,36.2690103719575
1333700450000,129.372923659458,35.7749555570279
1333700460000,129.348575282105,35.6996296974009
1333700470000,129.262627049995,35.8403470821553
1333700480000,129.328831147056,35.662851154341
1333700550000,128.580563171623,36.9253062982518
1333100560000,126.8247541,37.59994084
1333100570000,127.188620365178,37.4789288320326
1333400580000,126.931092698918,36.2827145180201
1333400590000,126.927710185399,36.294304832129
1333400600000,126.7915561,36.08759331
1333700610000,128.258239258425,35.733365777796
1332200620000,128.577659106867,35.8738752888425
1333800640000,128.535099,35.54535599
1333800650000,128.5090423,35.54404982
1333800660000,128.891904882375,35.2452834217473
1333800670000,128.4228352,35.25580893
1333600680000,126.817945282785,34.5181367966145
1333500690000,126.656882726774,35.6115054320223
1333500700000,126.601174219535,35.597956578772
1333800730000,128.878420775111,35.2352548116706
1333800740000,128.877472333903,35.2442495423761
1333800750000,128.8797612,35.24396144
1333700790000,128.2582593,35.72162517
1333700820000,129.281144968856,35.8317706220081
1331100830000,126.999381382042,37.5937302493451
1333700860000,128.2982293,35.90643938
1333500870000,127.032050076854,35.9794632584462
1333700880000,129.2240377,35.84434141
1333400890000,126.978900137968,36.2392016921777
1333400900000,126.7789698,36.588732
1333500920000,127.037412713456,35.992312815244
1333800930000,129.049164920187,35.3567977786561
1333800940000,129.049975,35.355511
1333800950000,129.047597190372,35.3412915692579
1333700960000,129.2136191,35.8472607
1333800970000,129.057994281672,35.3526521805008
1333800980000,129.049034354625,35.3407815219295
1333400990000,126.919677173436,36.2808677260949
1333801000000,129.120889031282,35.3367215165696
1331101010000,127.101642107994,37.5105228533931
1333501030000,126.65445587856,35.70798895277
1333501040000,127.561496170787,35.4579377292954
1333401050000,127.491546,36.129824
1333601060000,127.566091894168,35.1973109182395
1333601070000,126.745286894447,34.5804866974856
1333801080000,127.958264166895,35.2898231270572
1333401090000,127.04196210768,36.7462058290895
1333501110000,126.853382,35.754488
1333401120000,127.011856675048,36.8572801719053
1333801130000,128.472033,34.793894
1333601140000,126.860044278791,34.4005952569169
1333101150000,127.013358,37.283279
1333401160000,126.549165503912,36.7131567899254
1331101170000,126.976859,37.576919
1333801180000,128.0801281,35.19035445
1333801190000,128.3201333,34.97966725
1333801200000,128.45338,35.04649691
1331101210000,126.967669,37.575610
1331101220000,126.989912,37.577838
1331101230000,126.996340,37.578815
1331101240000,126.976515,37.564998
1331101250000,126.994582,37.572088
1333601260000,126.3376054,34.51630607
1333601270000,126.165057808449,34.3640640324228
1333101280000,127.105651210455,37.8453507774442
1332601290000,129.00824278197,35.5744017921671
1332301300000,126.487576,37.63125808
1333801310000,128.003530809629,35.4741470198834
1332301320000,126.479997573738,37.7481578250742
1332301330000,126.484442977714,37.7523285119731
1333401350000,126.912314087209,36.2696311567715
1332301370000,126.436660058432,37.7742424675164
1333701380000,129.242333246543,35.7964295626636
1333101390000,126.5293561,37.73109451
1333101400000,127.019018736197,37.1829144971645
1332401410000,126.996566571311,35.168798976881
1333701420000,129.185051414643,35.8255340819754
1331101430000,126.995808075783,37.5856827719265
1333101440000,126.900348095671,37.7043209726772
1333501450000,126.704622,35.430776
1333501460000,127.691970117202,35.951184610479
1333701470000,128.0752173,36.76861246
1333101480000,126.77917520912,37.8146944723675
1331101490000,126.973552880695,37.5854666076392
1333501500000,127.030616,36.012339
1333801510000,127.679057028074,35.1547560800498
1332601530000,129.1226025,35.56993942
1333701540000,129.163367122061,36.0117666684586
1333401550000,127.032910,36.808422
1333401560000,126.86902370578,36.3179266723476
1331101570000,126.97979529401,37.5649655375083
1333701580000,129.484385,35.738140
1333701590000,129.483839795457,35.7442788140985
1333701610000,129.220842324628,35.8342991358295
1333101620000,126.971538312904,37.6484437952756
1333801640000,128.053444044944,35.1777388742544
1333701650000,128.270661626414,35.7162273064396
1333501660000,126.98372090476,35.6018809128551
1333601670000,126.622655799819,34.5511957200706
1333701700000,128.840297,36.728037
1331101710000,126.977529730215,37.570496064582
1333701720000,129.208462122044,35.8230687425109
1333701730000,129.221705394322,35.8137623243267
1333701740000,129.232368,35.852199
1333701750000,129.213419149019,35.836935024129
1333701760000,129.163501840117,35.8246255863327
1333701770000,129.183936623461,35.8291611848934
1333701790000,129.184074621094,35.8282127080473
1333701800000,129.25061713624,35.8321844643858
1333701810000,129.246198047564,35.817831379351
1333701820000,129.242387511399,35.8234805031646
1333701830000,129.249749017833,35.8215231811109
1333701840000,129.279923566448,35.7873622077827
1333701850000,129.259524342663,35.8126080219237
1333701860000,129.240279205587,35.7994610241397
1333701870000,129.240097478222,35.802205189815
1333701880000,129.218419,35.833176
1333301890000,127.904847964912,36.9461602952951
1333701900000,129.174269316132,35.7921691775888
1333101910000,126.839012718121,37.6802170215929
1332101920000,129.088811795659,35.1972800194911
1333101930000,127.136169,37.616672
1331101940000,127.080951,37.464186
1333101950000,127.605376,37.304291
1333201960000,128.454931,37.195144
1333101970000,127.175810,37.748303
1333101980000,126.900518,37.623609
1331101990000,127.051892,37.507147
1333102000000,126.867104,37.662971
1331102010000,127.097547,37.630193
1333102020000,126.715564,37.612495
1333102030000,126.709234944433,37.7725237695
1331102040000,127.058654,37.604350
1333102050000,126.828889,37.741497
1333102060000,126.989093,37.207975
1331102080000,127.007535,37.601256
1333102090000,127.196197,37.645048
1333102100000,126.948901,37.718951
1332302110000,126.661457454211,37.5606787386765
1333302120000,127.541487,36.65950903
1331102130000,126.982594329839,37.5744244771195
1333802140000,127.800373790191,35.4493327104996
1332102150000,129.053618571506,35.2542161326126
1333702160000,128.5894225,36.01940069
1333102170000,126.7151963,37.1921907
1333702180000,128.781252659802,35.8513348752365
1333702190000,129.209083753045,35.797435444011
1333702200000,129.17796275748,35.7899570653301
1333702210000,129.211459663096,35.8043309206463
1333702220000,129.208373841976,35.7961128662214
1333102230000,126.973206297239,38.0236080734192
1332302240000,126.445600,37.739807
1332302250000,126.532535,37.632749
1332302260000,126.524394,37.649317
1332302270000,126.530093,37.664984
1331102280000,126.956042392717,37.6254676606517
1333402290000,126.652790916916,36.6870235025878
1333402310000,126.6616403,36.60062552
1333802320000,127.855196067986,34.9115631335653
1333802330000,127.876168272561,34.941847532299
1331102340000,127.106032322071,37.5549631554831
1333302350000,127.7423155,36.48857011
1333802360000,128.417411684187,34.8467719683215
1331102370000,126.999624074149,37.5804752681551
1333702380000,128.561780400666,36.9172540750766
1333802390000,127.966874083563,35.7208172052614
1333802400000,128.679525100589,35.2083347672149
1333702410000,129.274748014221,35.9244524758416
1333602420000,126.751666700424,35.3106629259542
1331102430000,127.102248970131,37.5025339436621
1333102440000,126.84233035296,37.9908850630638
1331102480000,126.999186,37.57826499
1333402490000,127.0313565,36.26074482
1333102510000,127.548939384506,37.4104385434735
1331102530000,126.971690856038,37.5681607128465
1331102540000,126.979465760555,37.4760467732251
1331102560000,126.972734548785,37.5653934646879
1331102570000,126.987475035851,37.576004136449
1331102580000,126.98730762836,37.5632511943809
1332302590000,126.491615699234,37.7203492843799
1333702600000,128.552605,36.540580
1333802610000,128.965654306253,35.2385470032985
1332202620000,128.6443255,35.91337278
1333702630000,129.258785057631,35.8097098920138
1333302640000,128.493294846321,37.06131891182898
1333302650000,128.321793377265,36.9451178907923
1331102670000,127.1306621149,37.56098674566
1333102680000,127.060509,38.015179
1333102690000,127.201074689009,37.5790396803398
1331102700000,127.118688423505,37.5078198507299
1331102710000,126.968818725918,37.5707798850944
1333502720000,127.377307,35.418093
1332102730000,129.090554973778,35.2066638743056
1333602740000,126.085811617141,35.0239581766217
1331102750000,126.938203679064,37.5660609176154
1331102760000,126.938743911589,37.5663918411666
1331102770000,126.939014139151,37.5658947905471
1331102780000,127.002929786395,37.5799185218194
1331102790000,127.002660989144,37.5784620816979
1331102800000,126.980450146417,37.562059259005
1331102810000,126.986855862395,37.5840039610972
1331102820000,126.986530713738,37.5843401983622
1331102830000,126.987101641092,37.5843868003825
1331102840000,126.971559,37.555848
1332302870000,126.629910311899,37.4710799747901
1333502880000,127.149213699563,35.8133312020273
1333602890000,126.382106144207,34.7875433743309
1332202900000,128.587794117871,35.8679125781172
1333802910000,128.66026521623,35.1490916586363
1333102920000,126.536283,37.650567
1333502930000,126.814611036108,35.6709185327527
1333502940000,127.159809883089,35.7963974767339
1333502950000,126.827601491031,35.6335670546878
1331102970000,127.121697275537,37.5211970910049
1333502980000,127.3770958,35.41376731
1333403010000,126.915039,36.27895149
1333603020000,127.339892360526,34.9069357422742
1333803050000,127.849396,35.274070
1332303060000,126.516568,37.733140
1333403070000,126.655785512252,36.344523869216
1333603080000,126.736900910727,34.3594103964745
1333503090000,127.634509054132,35.416543358944
1333603100000,126.424088188699,34.6464769788262
1333703110000,129.225621969664,35.7814480777656
1333603120000,126.879916092956,34.9245908380463
1333703130000,128.5654807,36.91285846
1333103140000,127.321167581992,37.4145327709328
1333303150000,127.471924178381,36.6443949823648
1333403160000,126.602364687102,36.7613679767908
1333303170000,128.095179588004,36.821694819999
1333503180000,126.999566518397,36.1390539237935
1333303190000,127.466413149077,36.6529017453712
1332603200000,129.3463518,35.57825285
1333403210000,126.492397162453,36.3648759522317
1333803220000,127.752321184082,35.653080443869
1333103230000,126.855907207877,37.7678528409825
1331103240000,126.955941372801,37.5742823912887
1333803260000,128.279599,35.581705
1333803270000,128.671853303822,35.2993021547085
1333703280000,129.224337662425,35.8614145642072
1333103290000,127.175755316118,37.2044995883456
1332603320000,129.181719358422,35.4484378793688
1333403330000,127.251757424608,36.3578236733467
1333403340000,127.190013975287,36.4466225581584
1333803350000,128.400975837765,34.7386206069753
1333703360000,128.350777,36.25593961
1333603370000,126.717905099004,35.0343052569291
1333603380000,126.623721953027,34.7584670895309
1333503390000,127.149967,35.814263
1331103430000,126.921545411228,37.4446077086108
1333503450000,126.633684397797,35.477537830927
1333503460000,126.557226,35.419001
1333503470000,126.870429,36.046065
1333503490000,127.367704,35.406922
1333103510000,126.677284682022,37.7744271914552
1333103520000,127.185733960108,37.5172458357822
1333603530000,127.0318912,35.36409782
1332503550000,127.454421527167,36.3942636849767
1332303690000,126.455499,37.661580
1332303700000,126.431410,37.659710
1332303710000,126.463463,37.666519
1331103720000,126.840730041611,37.5749362679655
1332403750000,126.848610152198,35.1956060337542
1333203760000,128.590773212986,38.1881723503897
1333603770000,126.595235446774,35.2368843537235
1333503790000,127.157063159124,35.8127360847883
1333903800000,126.521972,33.513452
1333603810000,127.734783,34.758541
1333103820000,127.653418063024,37.3932609958163
1333403830000,127.180599104032,36.2090635539067
1333603850000,127.565918,35.197358
1333703860000,129.488821,35.896304
1333203880000,128.892330,37.752298
1333103890000,126.90088483662,37.9807723474912
1333703900000,129.254283,35.825505
1333503910000,126.6514331,35.44127299
1333603920000,127.663285,34.754999
1333403930000,127.1270278,36.28366863
1333603970000,126.816089854376,34.7203869459817
1333303980000,128.332540,36.960345
1331103990000,126.912200703887,37.543891452768
1333304000000,127.857142750845,37.046490935718
1333304010000,127.816588889105,36.6464847286974
1333804020000,128.423309,34.847255
1333104030000,127.218410134775,37.8939697758527
1333604040000,126.650613161695,34.9955088790031
1333504050000,127.069106,35.973820
1333604070000,127.6057113,35.04711377
1333504080000,127.05487,35.97282
1333604100000,126.9170921,34.98674249
1332204110000,128.522061734793,35.8099123042631
1333904120000,126.166892678003,33.3045453604739
1333904160000,126.587546542026,33.5233312270546
1333304170000,127.81140756698512,36.66876462891128
1333604180000,127.550103208902,34.9125955437967
1333704190000,129.221977618124,35.8665535496799
1333404200000,126.965723,36.272195
1333204210000,129.043615376526,37.4446378312031
1333104220000,127.1882221,37.52239171
1333104230000,127.416851958435,37.2852024161726
1332304240000,126.4863179,37.74862777
1333404250000,126.915138,36.270593
1333204260000,128.544334,38.304767
1333404270000,126.906267828445,36.2960219761079
1333404280000,126.9121998,36.28601353
1333804290000,128.8755363685,35.2435472417166
1333704300000,129.289924294781,35.8652678478689
1333404310000,126.670821259762,36.6057730366633
1333604320000,126.568858143982,34.5039983015984
1333404330000,127.070390,36.317147
1333404340000,126.941190150729,36.2772351112849
1333404350000,126.857596487527,36.3411721629427
1333104370000,126.919694583013,37.9642821132575
1331104380000,126.983671149984,37.5788452603429
1333204390000,127.95037265622,37.3479609626805
1331104400000,127.047045846142,37.6363404901158
1333104410000,126.695485,37.342656
1332204420000,128.604497361535,35.8677946949046
1332204430000,128.604294527176,35.8667596760972
1333704440000,128.294875461055,36.0145434909984
1333304450000,127.696149424593,37.0226270109151
1333204460000,128.504468101392,37.1565962051704
1333204470000,128.0376271,37.30959916
1332304520000,126.520343771929,37.6998731176561
1333804530000,127.830874336997,35.0279000081829
1333804540000,128.812278941928,35.2225530103107
1331104550000,127.098605769856,37.5737467889523
1333604560000,126.671494268924,34.9826906490534
1333704570000,129.221844810706,35.829237247077
1333604580000,127.270744348579,34.9167002135552
1333804590000,128.662925207477,35.5569452913086
1331104610000,126.996274780829,37.5690711764547
1333304630000,127.863560780587,37.00171193043
1333104640000,126.891758820401,37.7354119979017
1331104650000,126.968031786885,37.5683724312295
1333204660000,127.7618608,37.20912615
1333104670000,126.859783266296,37.985421582815
1333104680000,126.985426500092,38.0234928682018
1333104690000,127.057169756456,38.0240541830601
1333704700000,128.420639677549,36.1145571683976
1333504710000,127.2584207,35.90587921
1333804720000,128.49142059615,35.1145931763917
1333404730000,126.763569794541,36.13035025908
1333404740000,127.117488014072,36.469146699326
1333404750000,126.52075285787,36.7864213886551
1333704760000,129.211523157721,35.8670704607418
1333704770000,128.170127893268,36.4189196786636
1333104780000,127.01481,37.28184
1333104790000,126.977239832232,37.640487769098
1333104800000,127.181479145737,37.478947537165
1333404810000,126.755082,36.214911
1333604830000,126.716770,35.032368
1333804840000,128.591012,34.850903
1333604850000,127.079895339286,34.8862891985202
1333804860000,128.645312460464,35.410624644226
1333904870000,126.27829480734,33.2501690363773
1332204880000,128.371911,35.700976
1333704910000,128.578540760357,36.9271543657622
1333604920000,127.61654808309,34.9666703809561
1333704930000,129.243232,36.147241
1333504940000,126.770403128153,35.625306880208
1333604980000,126.895147977473,34.6696512404548
1333804990000,127.783513246382,35.5488539651322
1333105000000,127.0971735,37.29566678
1333405010000,126.5221889,36.43985507
1333805040000,128.09777670617,35.8010189217196
1333605050000,127.497391199391,35.2565532660194
1333805090000,128.498351498157,34.868097247247
1333705100000,128.320605060826,35.743545226021
1333705160000,128.753285588966,35.8430757363108
1333705170000,129.184022041931,35.828862580412
1333705180000,129.18437609151,35.8283386223206
1333605190000,127.312637046804,34.6251157416872
1331105200000,126.95446523096,37.5346234416216
1331105210000,126.954161373679,37.5343084789566
1333905220000,126.509777863658,33.5030922405463
1333605230000,127.66068576628,34.7832910302576
1333205240000,129.067646732082,37.3762795211601
1333105250000,126.868319,37.86536646
1333105260000,127.010438288032,37.7869534954043
1333305270000,127.5878839,36.81481572
1332605280000,129.337091039765,35.5763223866885
1333405290000,126.785671121226,36.8203475883041
1333105300000,127.076658915211,37.3057852803259
1333505310000,126.642985783136,35.4356797797961
1333705320000,127.941590961582,36.2899656836759
1333705330000,129.22262638312,35.8288373451312
1333205340000,128.470623,37.183756
1333605350000,126.315234121637,34.5911468592032
1333105360000,127.259033922321,36.9996769079036
1333105370000,126.772719886999,37.9152890677069
1332205380000,128.592110695735,35.8722257313642
1332105390000,129.091546267607,35.1866781581466
1333405400000,127.073192909857,36.2598082090051
1333505410000,126.460252535276,35.6352536319789
1333505420000,127.6212936,35.5075613
1333505430000,126.797669819453,35.6428525622707
1332205440000,128.5674734,35.93143826
1333805470000,128.507373559728,35.478879213111
1333505510000,127.34458196871,35.7155157912824
1333505520000,127.528080365042,35.6444077075142
1333205530000,128.326211788031,38.1319282208373
1333805540000,128.390096793477,35.2789205607066
1333705550000,128.6770923,36.27389057
1332305560000,126.726777,37.550708
1332305570000,126.510835975616,37.358272056926
1331105580000,126.977865,37.574945
1333405600000,126.1563923,36.68221131
