ccbaCpno_item,ccbaCtcd_item,ccbaLcto_item
1111100020000,11,11
1111102230000,11,11
1111102240000,11,11
1111102250000,11,11
1111102260000,11,11
1111102270000,11,11
1111102650000,11,11
1121100010000,11,11
1121100030000,11,11
1121101410000,11,11
1121101420000,11,11
1121101770000,11,11
1121102150000,11,11
1121102350000,11,11
1121103830000,11,11
1121103840000,11,11
1121103850000,11,11
1121103860000,11,11
1121105690400,11,11
1121107450700,11,11
1121107450800,11,11
1121107580000,11,11
1121108090000,11,11
1121108100000,11,11
1121108110000,11,11
1121108120000,11,11
1121108130000,11,11
1121108140000,11,11
1121108150000,11,11
1121108160000,11,11
1121108170000,11,11
1121108180000,11,11
1121108210000,11,11
1121108460000,11,11
1121108470000,11,11
1121108510000,11,11
1121108770000,11,11
1121110000000,11,11
1121110890000,11,11
1121111190000,11,11
1123111930200,11,11
1121112100000,11,11
1121114390000,11,11
1121114600000,11,11
1121114780000,11,11
1123116810000,11,11
1121117400000,11,11
1121117590000,11,11
1121117600000,11,11
1121117610000,11,11
1121117620000,11,11
1121117630000,11,11
1121117640000,11,11
1121117690000,11,11
1121117700000,11,11
1121118810000,11,11
1331100100000,11,11
1331101170000,11,11
1331101210000,11,11
1331101220000,11,11
1331101230000,11,11
1331101250000,11,11
1331101430000,11,11
1331101490000,11,11
1331101710000,11,11
1331102130000,11,11
1331102280000,11,11
1331102370000,11,11
1331102480000,11,11
1331102570000,11,11
1331102710000,11,11
1331102780000,11,11
1331102790000,11,11
1331102810000,11,11
1331102820000,11,11
1331102830000,11,11
1331104380000,11,11
1331104610000,11,11
1331104650000,11,11
1331105580000,11,11
1111100010000,11,12
1111102120000,11,12
1121104190200,11,12
1121105230200,11,12
1121107190000,11,12
1121107200000,11,12
1121107450200,11,12
1121107620000,11,12
1121107740000,11,12
1121108190000,11,12
1121108200000,11,12
1121110090000,11,12
1331101240000,11,12
1331101570000,11,12
1331102530000,11,12
1331102560000,11,12
1331102580000,11,12
1331102800000,11,12
1331102840000,11,12
1121113830000,11,13
1331105200000,11,13
1331105210000,11,13
1121117380000,11,14
1121107630000,11,15
1121107690000,11,15
1121107720000,11,15
1121108380000,11,15
1121118050000,11,15
1111102910000,11,16
1121104170000,11,16
1121104190400,11,16
1121107060000,11,16
1121107100000,11,16
1121107100200,11,16
1121107100500,11,16
1121107480000,11,16
1121114630400,11,16
1121115940300,11,16
1121118280000,11,16
1331100830000,11,16
1331102040000,11,16
1331102080000,11,16
1121106570000,11,18
1121114620000,11,18
1121115800000,11,18
1121103510000,11,19
1121107360000,11,19
1121107450400,11,19
1121112450000,11,19
1121115280000,11,19
1121115290000,11,19
1121115300000,11,19
1121115390000,11,19
1121118200000,11,19
1331100320000,11,19
1331100330000,11,19
1331102750000,11,19
1331102760000,11,19
1331102770000,11,19
1331103240000,11,19
1121107450100,11,20
1331103990000,11,20
1331103720000,11,21
1111101480100,11,25
1111101500000,11,25
1111101510100,11,25
1111101520000,11,25
1111101530000,11,25
1111103030000,11,25
1111103060200,11,25
1111103190300,11,25
1121107610000,11,25
1121107650000,11,25
1121107700000,11,25
1121107710000,11,25
1121107720200,11,25
1121108500300,11,25
1121108820000,11,25
1121110860000,11,25
1121110870100,11,25
1121113580200,11,25
1121114630300,11,25
1121115040000,11,25
1121115370200,11,25
1121115420000,11,25
1121115600000,11,25
1121115830000,11,25
1121115840000,11,25
1121115850000,11,25
1121115860000,11,25
1121115870000,11,25
1121115880000,11,25
1121115890000,11,25
1121115900000,11,25
1121115910000,11,25
1121115920000,11,25
1331102540000,11,25
1331101990000,11,26
1331102670000,11,27
1331100110000,11,28
1331101010000,11,28
1331102430000,11,28
1331102700000,11,28
1331102970000,11,28
1121115240000,11,30
1331102010000,11,30
1331104400000,11,30
1111101480200,11,31
1111103190100,11,31
1121105230100,11,31
1121107100300,11,31
1121108650000,11,31
1121112910000,11,31
1121115370000,11,31
1121115930000,11,31
1121115940100,11,31
1121115950100,11,31
1121118040000,11,31
1331101940000,11,31
1331102340000,11,33
1331104550000,11,33
1121100110500,11,34
1331103430000,11,35
1332101920000,21,16
1332102730000,21,16
1122102500000,21,21
1122104340000,21,21
1122112240200,21,21
1122114610000,21,21
1122115250000,21,21
1122115260000,21,21
1122115950200,21,21
1332102150000,21,21
1112101510200,21,23
1332105390000,21,23
1122118960000,21,25
1122117710000,21,26
1332200620000,22,11
1332202900000,22,11
1332204420000,22,11
1332204430000,22,11
1332205380000,22,11
1122202430000,22,12
1122202440000,22,12
1122202470000,22,12
1122202480000,22,12
1122202540000,22,12
1122206010000,22,12
1122208050000,22,12
1122209920000,22,12
1122212140000,22,12
1122215050000,22,12
1122215630000,22,12
1122216100000,22,12
1122218500000,22,12
1122221320000,22,12
1122221330000,22,12
1332202620000,22,12
1332205440000,22,15
1122213350000,22,17
1122214630000,22,17
1122214640000,22,17
1122214650000,22,17
1122214660000,22,17
1332204110000,22,17
1122203500000,22,18
1122205390000,22,18
1122205540000,22,18
1122206730000,22,18
1122220530000,22,18
1332204880000,22,18
1332302870000,23,11
1332305570000,23,11
1332302110000,23,15
1332305560000,23,19
1122300100000,23,30
1122301610000,23,30
1122301780000,23,30
1122301790000,23,30
1122303930000,23,30
1122306150000,23,30
1332301300000,23,30
1332301320000,23,30
1332301330000,23,30
1332301370000,23,30
1332302240000,23,30
1332302250000,23,30
1332302260000,23,30
1332302270000,23,30
1332302590000,23,30
1332303060000,23,30
1332303690000,23,30
1332303700000,23,30
1332303710000,23,30
1332304240000,23,30
1332304520000,23,30
1122401100000,24,11
1122401310000,24,11
1122406000000,24,11
1122415070000,24,11
1332401410000,24,13
1332403750000,24,14
1122401090000,24,15
1111101010000,25,14
1122516520000,25,14
1122502090000,25,15
1332503550000,25,15
1332603200000,26,04
1332605280000,26,04
1112601470000,26,05
1112602850000,26,05
1122601730000,26,05
1122603690000,26,05
1122603700000,26,05
1122603820000,26,05
1332601290000,26,05
1332601530000,26,05
1332603320000,26,05
1123100140000,31,11
1123104020000,31,11
1123104030000,31,11
1123117090000,31,11
1123117100000,31,11
1123120350000,31,11
1123120900000,31,11
1333100030000,31,11
1333101150000,31,11
1333104780000,31,11
1113702830000,31,12
1113103190200,31,12
1123108740000,31,12
1123111280000,31,12
1123111290000,31,12
1123111300000,31,12
1123111310000,31,12
1123111320000,31,12
1123111350000,31,12
1123111360000,31,12
1123511970000,31,12
1123511980000,31,12
1123712160000,31,12
1123115110000,31,12
1123115120000,31,12
1123115140000,31,12
1123115150000,31,12
1123115350000,31,12
1123115360000,31,12
1123115970000,31,12
1123116310100,31,12
1123116310200,31,12
1123116320300,31,12
1123116740000,31,12
1123117240000,31,12
1123100040000,31,14
1113102960000,31,17
1123100110400,31,17
1123104350000,31,17
1123104880000,31,17
1123108230000,31,17
1123108240000,31,17
1123109830000,31,17
1123112560000,31,17
1123112570000,31,17
1123113020000,31,17
1123116270000,31,17
1123120360000,31,17
1123120910000,31,17
1123120920000,31,17
1333105360000,31,17
1123117410000,31,19
1123117420000,31,19
1123117430000,31,19
1123118030000,31,19
1333101930000,31,19
1123105650000,31,20
1123105670000,31,20
1113102480000,31,21
1123116730000,31,22
1333101400000,31,25
1123100110700,31,26
1123113240000,31,28
1333104410000,31,28
1123100120000,31,30
1123100130000,31,30
1123109810000,31,30
1333102690000,31,30
1333103520000,31,30
1333104220000,31,30
1123103880000,31,31
1123103890000,31,31
1123121300000,31,31
1333101280000,31,31
1333102100000,31,31
1333105260000,31,31
1113100040000,31,70
1123100060000,31,70
1123100070000,31,70
1123100080000,31,70
1123100910000,31,70
1123100920000,31,70
1123101800000,31,70
1123102250000,31,70
1123102260000,31,70
1123102280000,31,70
1123102290000,31,70
1123102300000,31,70
1123102310000,31,70
1123115320000,31,70
1333101950000,31,70
1333102510000,31,70
1333103820000,31,70
1113101200000,31,35
1123109800000,31,35
1123110950000,31,35
1123119420000,31,35
1333102060000,31,35
1333102170000,31,35
1123100930000,31,37
1123113230000,31,37
1333101480000,31,37
1333102030000,31,37
1333102050000,31,37
1333103230000,31,37
1333103510000,31,37
1333103890000,31,37
1333104370000,31,37
1333104640000,31,37
1333105250000,31,37
1333105370000,31,37
1333100570000,31,39
1333103140000,31,39
1333104800000,31,39
1333102230000,31,40
1333102440000,31,40
1333102680000,31,40
1333104670000,31,40
1333104680000,31,40
1333104690000,31,40
1333104030000,31,41
1123105310000,31,43
1123108220000,31,44
1123109820000,31,44
1123115730000,31,44
1333104230000,31,44
1123100090000,31,45
1333103290000,31,45
1333105000000,31,45
1333105300000,31,45
1123112250000,31,47
1333101390000,31,47
1333102020000,31,47
1333102920000,31,47
1123106110000,31,50
1123107490000,31,50
1123110100200,31,50
1333100560000,31,50
1333101440000,31,50
1333101620000,31,50
1333101910000,31,50
1333101980000,31,50
1333102000000,31,50
1333104790000,31,50
1123103970000,31,51
1123118080000,31,51
1123120130000,31,51
1333101970000,31,51
1333102090000,31,51
1123200760000,32,11
1123200770000,32,11
1123201640000,32,11
1113200590000,32,12
1123200780000,32,12
1121104630000,32,12
1123204640000,32,12
1123207500000,32,12
1333204390000,32,12
1333204470000,32,12
1333204660000,32,12
1113200510000,32,13
1123200820000,32,13
1123200830000,32,13
1123200840000,32,13
1123200850000,32,13
1123200860000,32,13
1123200870000,32,13
1123201650000,32,13
1123201830000,32,13
1123201910000,32,13
1123201920000,32,13
1123202140000,32,13
1123206020000,32,13
1123212200000,32,13
1123216250100,32,13
1123220460000,32,13
1123220880000,32,13
1123220890000,32,13
1333203880000,32,13
1123212770000,32,14
1123212920000,32,14
1123204430000,32,16
1123219810000,32,16
1333203760000,32,16
1123202130000,32,17
1333204210000,32,17
1333205240000,32,17
1123200110300,32,32
1123200790000,32,32
1123200800000,32,32
1123205400000,32,32
1123205410000,32,32
1123205420000,32,32
1123205430000,32,32
1123205440000,32,32
1123205450000,32,32
1123207450500,32,32
1123206120000,32,35
1333201960000,32,35
1333204460000,32,35
1333205340000,32,35
1113200360000,32,36
1113200480000,32,36
1113202210000,32,36
1123219950000,32,36
1333200370000,32,36
1113203320000,32,37
1113200630000,32,38
1123202230000,32,38
1123204960000,32,39
1123211820000,32,41
1123212750000,32,41
1123212760000,32,41
1123218320000,32,41
1333205530000,32,41
1123213360000,32,42
1123213370000,32,42
1333204260000,32,42
1113201220000,32,43
1123204390000,32,43
1123204440000,32,43
1123204450000,32,43
1123204460000,32,43
1123204470000,32,43
1123204970000,32,43
1123204990000,32,43
1123213620000,32,43
1123217230000,32,43
1113300410000,33,20
1113301060000,33,20
1113302970000,33,20
1123303670000,33,20
1123303680000,33,20
1123305110000,33,20
1123306640000,33,20
1123309850000,33,20
1123319410000,33,20
1333302120000,33,20
1333303150000,33,20
1333303190000,33,20
1113300060000,33,12
1113301970000,33,12
1113302050000,33,12
1123300160000,33,12
1123300170000,33,12
1123300950000,33,12
1123300960000,33,12
1123300980000,33,12
1123305120000,33,12
1123306560000,33,12
1123306580000,33,12
1123314010000,33,12
1123315270000,33,12
1333301890000,33,12
1333303170000,33,12
1333304000000,33,12
1333304450000,33,12
1333304630000,33,12
1123300940000,33,13
1123304060000,33,13
1123304590000,33,13
1123305280000,33,13
1123305460000,33,13
1123312960000,33,13
1113300050000,33,32
1113300550000,33,32
1113300640000,33,32
1123300150000,33,32
1123302160000,33,32
1123308480000,33,32
1123309150000,33,32
1123309160000,33,32
1123312590000,33,32
1123313600000,33,32
1123313610000,33,32
1123314130000,33,32
1123314160000,33,32
1123314170000,33,32
1123314180000,33,32
1333302350000,33,32
1123313380000,33,33
1123321070000,33,33
1123305320000,33,34
1123305330000,33,34
1123305340000,33,34
1123305350000,33,34
1123309840000,33,34
1123313710000,33,34
1123304040000,33,35
1123300970000,33,36
1123304330000,33,36
1123312950000,33,36
1123312990000,33,36
1123313700000,33,36
1333304010000,33,36
1333304170000,33,36
1113301980000,33,40
1123304050000,33,40
1333302640000,33,40
1333302650000,33,40
1333303980000,33,40
1333305270000,33,42
1113400070000,34,11
1123400990000,34,11
1123403540000,34,11
1123404070000,34,11
1123412460000,34,11
1123412470000,34,11
1123412610000,34,11
1113402980000,34,12
1113402990000,34,12
1123401500000,34,12
1123402560000,34,12
1123402570000,34,12
1123404780000,34,12
1123405820000,34,12
1123407990000,34,12
1123408000000,34,12
1123408010000,34,12
1123408020000,34,12
1123412600000,34,12
1123412840000,34,12
1123412850000,34,12
1123412930000,34,12
1123414950000,34,12
1123421200000,34,12
1333400120000,34,12
1333400130000,34,12
1333403330000,34,12
1333403340000,34,12
1333404330000,34,12
1333404740000,34,12
1113400840000,34,15
1123401020000,34,15
1123401030000,34,15
1123401040000,34,15
1123401050000,34,15
1123401060000,34,15
1123401430000,34,15
1123412640000,34,15
1123416190000,34,15
1123419760000,34,15
1333401160000,34,15
1333403160000,34,15
1333404750000,34,15
1113400760000,34,16
1123403260000,34,16
1123405360000,34,16
1123405370000,34,16
1333401090000,34,16
1333401120000,34,16
1333401550000,34,16
1113400080000,34,17
1123400190000,34,17
1123400200000,34,17
1123400470000,34,17
1123420210000,34,17
1333403070000,34,17
1333403210000,34,17
1333405010000,34,17
1123410070000,34,31
1333401050000,34,31
1113403230000,34,35
1123402190000,34,35
1123402320000,34,35
1123404080000,34,35
1123415690000,34,35
1123417460000,34,35
1333403830000,34,35
1333403930000,34,35
1333405400000,34,35
1123401080000,34,36
1123401840000,34,36
1123401850000,34,36
1123402170000,34,36
1123402330000,34,36
1123403560000,34,36
1123412650000,34,36
1123413390000,34,36
1123415650000,34,36
1333400040000,34,36
1333400050000,34,36
1333400140000,34,36
1333400340000,34,36
1333400440000,34,36
1333400580000,34,36
1333400590000,34,36
1333400890000,34,36
1333400990000,34,36
1333401350000,34,36
1333401560000,34,36
1333402490000,34,36
1333403010000,34,36
1333404200000,34,36
1333404250000,34,36
1333404270000,34,36
1333404280000,34,36
1333404340000,34,36
1333404350000,34,36
1333404810000,34,36
1123402240000,34,37
1333400600000,34,37
1333404730000,34,37
1113400580000,34,39
1113403000000,34,39
1123400180000,34,39
1123401620000,34,39
1123401740000,34,39
1123401810000,34,39
1123401970000,34,39
1123409860000,34,39
1123403550000,34,40
1123403990000,34,40
1123405380000,34,40
1123412620000,34,40
1333402310000,34,40
1333404310000,34,40
1113400490000,34,41
1123405080000,34,41
1121105681300,34,41
1123407940000,34,41
1123412630000,34,41
1123413810000,34,41
1123415720000,34,41
1333400900000,34,41
1333402290000,34,41
1123401000000,34,43
1123401010000,34,43
1123404090000,34,43
1123409870000,34,43
1333405290000,34,43
1113403070000,34,46
1333405600000,34,46
1123503080000,35,11
1123505830000,35,11
1123515780000,35,11
1333502880000,35,11
1333502940000,35,11
1333503390000,35,11
1333503790000,35,11
1123502340000,35,12
1123502760000,35,12
1113500100000,35,15
1123500300000,35,15
1123500310000,35,15
1123500320000,35,15
1123500330000,35,15
1123500340000,35,15
1123500350000,35,15
1123500360000,35,15
1123500370000,35,15
1123500380000,35,15
1123500390000,35,15
1123500400000,35,15
1123500410000,35,15
1123500420000,35,15
1123500430000,35,15
1123502810000,35,15
1123504200000,35,15
1123504220000,35,15
1123504230000,35,15
1123511230000,35,15
1333501040000,35,15
1333502720000,35,15
1333502980000,35,15
1333503090000,35,15
1333503490000,35,15
1333505420000,35,15
1113500620000,35,16
1123500220000,35,16
1123500230000,35,16
1123500240000,35,16
1123500250000,35,16
1123500260000,35,16
1123500270000,35,16
1123500280000,35,16
1123500290000,35,16
1123508260000,35,16
1123508270000,35,16
1123508280000,35,16
1123515160000,35,16
1333501110000,35,16
1123501670000,35,17
1123502890000,35,17
1123503090000,35,17
1123509140000,35,17
1333501660000,35,17
1333502930000,35,17
1333502950000,35,17
1333504940000,35,17
1333505430000,35,17
1113500110000,35,18
1113502890000,35,18
1123500450000,35,18
1123500460000,35,18
1123502360000,35,18
1123508250000,35,18
1333500870000,35,18
1333500920000,35,18
1333501500000,35,18
1333503180000,35,18
1333503470000,35,18
1333504050000,35,18
1333504080000,35,18
1113503160000,35,31
1123506080000,35,31
1123506620000,35,31
1123512430000,35,31
1123512440000,35,31
1123512550000,35,31
1123512740000,35,31
1123514340000,35,31
1333504710000,35,31
1123512660000,35,32
1123520550000,35,32
1333505510000,35,32
1123512670000,35,33
1123521290000,35,33
1333501460000,35,33
1123502720000,35,34
1333505520000,35,34
1123502670000,35,35
1123507451000,35,37
1123502790000,35,39
1123502800000,35,39
1123502900000,35,39
1123508030000,35,39
1123512000000,35,39
1123520650000,35,39
1333501450000,35,39
1333503450000,35,39
1333503460000,35,39
1333503910000,35,39
1333505310000,35,39
1123502770000,35,40
1123502910000,35,40
1123502920000,35,40
1123512680000,35,40
1123512690000,35,40
1333500690000,35,40
1333500700000,35,40
1333501030000,35,40
1333505410000,35,40
1333602890000,36,11
1113603040000,36,12
1123603960000,36,12
1123605630000,36,12
1123605710000,36,12
1123605780000,36,12
1123612880000,36,12
1123613310000,36,12
1123613320000,36,12
1123613330000,36,12
1123615560000,36,12
1123615660000,36,12
1333603810000,36,12
1333603920000,36,12
1333605230000,36,12
1113600420000,36,13
1113600430000,36,13
1113600560000,36,13
1113603140000,36,13
1123600900000,36,13
1123601340000,36,13
1123601750000,36,13
1123602040000,36,13
1123602050000,36,13
1123602060000,36,13
1123602070000,36,13
1123602630000,36,13
1123603020000,36,13
1123603030000,36,13
1123603950000,36,13
1123604000000,36,13
1123605720000,36,13
1123608040000,36,13
1123608310000,36,13
1123609450000,36,13
1123609460000,36,13
1123610430000,36,13
1123610440000,36,13
1123611170000,36,13
1123611840000,36,13
1123611850000,36,13
1123613110000,36,13
1123613670000,36,13
1123613680000,36,13
1123614670000,36,13
1123615490000,36,13
1123615580000,36,13
1123621010000,36,13
1123621220000,36,13
1333603020000,36,13
1333604180000,36,13
1333604580000,36,13
1123600490000,36,14
1123600500000,36,14
1123603940000,36,14
1123604610000,36,14
1123604620000,36,14
1123612790000,36,14
1123613100000,36,14
1123613430000,36,14
1123615440000,36,14
1123615450000,36,14
1123620370000,36,14
1333603370000,36,14
1333604040000,36,14
1333604560000,36,14
1333604830000,36,14
1123601120000,36,17
1333604070000,36,17
1333604920000,36,17
1123601110000,36,32
1123605050000,36,32
1123605060000,36,32
1123607370000,36,32
1123615550000,36,32
1123620990000,36,32
1123621000000,36,32
1333603530000,36,32
1123602730000,36,33
1123602740000,36,33
1123602750000,36,33
1123613220000,36,33
1123613410000,36,33
1123613490000,36,33
1113600120000,36,34
1113600350000,36,34
1113600530000,36,34
1113600540000,36,34
1113600670000,36,34
1113603010000,36,34
1123601320000,36,34
1123601330000,36,34
1123601510000,36,34
1123601520000,36,34
1123601530000,36,34
1123601540000,36,34
1123602990000,36,34
1123603000000,36,34
1123605090000,36,34
1123605840000,36,34
1123610400000,36,34
1123613400000,36,34
1123613480000,36,34
1123613630000,36,34
1123615460000,36,34
1123620240000,36,34
1333601060000,36,34
1333603850000,36,34
1333605050000,36,34
1123613070000,36,38
1123613440000,36,38
1123615570000,36,38
1333605190000,36,38
1123603040000,36,39
1123609430000,36,39
1123609440000,36,39
1123611150000,36,39
1113600570000,36,40
1123601700000,36,40
1123607960000,36,40
1123607970000,36,40
1123607980000,36,40
1123611160000,36,40
1123613450000,36,40
1333603120000,36,40
1333604100000,36,40
1333604850000,36,40
1113600440000,36,41
1113601170000,36,41
1123601550000,36,41
1123601560000,36,41
1123601570000,36,41
1123601580000,36,41
1123607450900,36,41
1123607720300,36,41
1123607950000,36,41
1123612520000,36,41
1123612540000,36,41
1333604980000,36,41
1113600130000,36,42
1113603130000,36,42
1123602980000,36,42
1123603130000,36,42
1123605070000,36,42
1123608290000,36,42
1123613120000,36,42
1123613140000,36,42
1123613150000,36,42
1123613960000,36,42
1333600680000,36,42
1333601070000,36,42
1333603970000,36,42
1113603080000,36,43
1123600880000,36,43
1123603010000,36,43
1123603200000,36,43
1123605030000,36,43
1123609470000,36,43
1123611830000,36,43
1123613420000,36,43
1123613470000,36,43
1123613570000,36,43
1123615470000,36,43
1123615520000,36,43
1123618070000,36,43
1333601670000,36,43
1333603100000,36,43
1333604320000,36,43
1333605350000,36,43
1113600500000,36,44
1113601440000,36,44
1123600890000,36,44
1123611180000,36,44
1123611340000,36,44
1123612830000,36,44
1123613090000,36,44
1123613950000,36,44
1123614330000,36,44
1123620540000,36,44
1333603380000,36,44
1123613720000,36,47
1123605040000,36,48
1123608300000,36,48
1123613770000,36,48
1123613460000,36,49
1333602420000,36,49
1333603770000,36,49
1333601140000,36,50
1333603080000,36,50
1123605290000,36,51
1333601260000,36,51
1333601270000,36,51
1333602740000,36,52
1113702640000,37,11
1123700110100,37,11
1123702520000,37,11
1123704300000,37,11
1123712800000,37,11
1123716090000,37,11
1123718680000,37,11
1333703860000,37,11
1333704930000,37,11
1113700200000,37,12
1113700210000,37,12
1113700220000,37,12
1113700230000,37,12
1113700240000,37,12
1113700250000,37,12
1113700300000,37,12
1113700310000,37,12
1113700370000,37,12
1113700390000,37,12
1113700400000,37,12
1113701120000,37,12
1113701260000,37,12
1113701990000,37,12
1113702360000,37,12
1113703120000,37,12
1113703180000,37,12
1123700610000,37,12
1123700620000,37,12
1123700630000,37,12
1123700640000,37,12
1123700650000,37,12
1123700660000,37,12
1123700670000,37,12
1123700680000,37,12
1123700690000,37,12
1123700700000,37,12
1123701210000,37,12
1123701220000,37,12
1123701230000,37,12
1123701240000,37,12
1123701250000,37,12
1123701260000,37,12
1123701270000,37,12
1123701360000,37,12
1123701680000,37,12
1123701860000,37,12
1123701870000,37,12
1123701980000,37,12
1123701990000,37,12
1123702010000,37,12
1123704110000,37,12
1123704120000,37,12
1123704130000,37,12
1123704150000,37,12
1123704420000,37,12
1123705240200,37,12
1123705260200,37,12
1123705810000,37,12
1123705860100,37,12
1123706650000,37,12
1123706660000,37,12
1123708330000,37,12
1123709070000,37,12
1123709080000,37,12
1123709090000,37,12
1123709100000,37,12
1123709110000,37,12
1123709120000,37,12
1123709130000,37,12
1123711880000,37,12
1123714270000,37,12
1123714290000,37,12
1123715230000,37,12
1123716110000,37,12
1123717270000,37,12
1123717440000,37,12
1123717450000,37,12
1123718670000,37,12
1123719280000,37,12
1123719350000,37,12
1123720520000,37,12
1123720970000,37,12
1123720980000,37,12
1333700010000,37,12
1333700060000,37,12
1333700070000,37,12
1333700080000,37,12
1333700150000,37,12
1333700160000,37,12
1333700180000,37,12
1333700190000,37,12
1333700200000,37,12
1333700210000,37,12
1333700220000,37,12
1333700230000,37,12
1333700240000,37,12
1333700250000,37,12
1333700260000,37,12
1333700270000,37,12
1333700280000,37,12
1333700290000,37,12
1333700300000,37,12
1333700310000,37,12
1333700450000,37,12
1333700460000,37,12
1333700470000,37,12
1333700480000,37,12
1333700820000,37,12
1333700880000,37,12
1333700960000,37,12
1333701380000,37,12
1333701420000,37,12
1333701540000,37,12
1333701580000,37,12
1333701590000,37,12
1333701610000,37,12
1333701720000,37,12
1333701730000,37,12
1333701740000,37,12
1333701750000,37,12
1333701760000,37,12
1333701770000,37,12
1333701790000,37,12
1333701800000,37,12
1333701810000,37,12
1333701820000,37,12
1333701830000,37,12
1333701840000,37,12
1333701850000,37,12
1333701860000,37,12
1333701870000,37,12
1333701880000,37,12
1333701900000,37,12
1333702190000,37,12
1333702200000,37,12
1333702210000,37,12
1333702220000,37,12
1333702410000,37,12
1333702630000,37,12
1333703110000,37,12
1333703280000,37,12
1333703900000,37,12
1333704190000,37,12
1333704300000,37,12
1333704570000,37,12
1333704760000,37,12
1333705170000,37,12
1333705180000,37,12
1333705330000,37,12
1113702080000,37,13
1123702450000,37,13
1123702960000,37,13
1123702970000,37,13
1123703070000,37,13
1123703190000,37,13
1123706060000,37,13
1123706070000,37,13
1123706790000,37,13
1123711860000,37,13
1123715760000,37,13
1123720470000,37,13
1113700150000,37,14
1113700160000,37,14
1113701320000,37,14
1113703110000,37,14
1123700560000,37,14
1123700570000,37,14
1123700580000,37,14
1123701140000,37,14
1123701150000,37,14
1123701820000,37,14
1123702100000,37,14
1123702110000,37,14
1123702420000,37,14
1123703050000,37,14
1123703060000,37,14
1123704140000,37,14
1123704480000,37,14
1123704490000,37,14
1123704500000,37,14
1123704750000,37,14
1123705480200,37,14
1123705490000,37,14
1123705530000,37,14
1123710020000,37,14
1123712210000,37,14
1123715710000,37,14
1123716140000,37,14
1123716200000,37,14
1123720500000,37,14
1123720510000,37,14
1123720680000,37,14
1123721040000,37,14
1123721050000,37,14
1123721060000,37,14
1333701700000,37,14
1333702600000,37,14
1113701300000,37,15
1123704690000,37,15
1123704700000,37,15
1123704900000,37,15
1123704920000,37,15
1123711220000,37,15
1123719450000,37,15
1123721020000,37,15
1123721030000,37,15
1333703360000,37,15
1333704700000,37,15
1113700170000,37,16
1113700180000,37,16
1113700190000,37,16
1113700450000,37,16
1113700460000,37,16
1123700590000,37,16
1123700600000,37,16
1123701160000,37,16
1123702200000,37,16
1123702200200,37,16
1123702210000,37,16
1123702490000,37,16
1123702550000,37,16
1123704850000,37,16
1123706800000,37,16
1123706810000,37,16
1123707170000,37,16
1123707350000,37,16
1123708320000,37,16
1123709960000,37,16
1123709960200,37,16
1123714020000,37,16
1123714030000,37,16
1123715620000,37,16
1123716360000,37,16
1333700550000,37,16
1333702380000,37,16
1333703130000,37,16
1333704910000,37,16
1113700140000,37,17
1123704650000,37,17
1123704860000,37,17
1123705130000,37,17
1123705140000,37,17
1123705170000,37,17
1123705210000,37,17
1123706160000,37,17
1123706750000,37,17
1123706760000,37,17
1123707900000,37,17
1123712700000,37,17
1123712710000,37,17
1123716040000,37,17
1123716120000,37,17
1123701170000,37,18
1123701180000,37,18
1123701190000,37,18
1123701200000,37,18
1123706830000,37,18
1123709900000,37,18
1123712780000,37,18
1123713740000,37,18
1123715680000,37,18
1123720960000,37,18
1333704770000,37,18
1333705320000,37,18
1123704290000,37,20
1123704310000,37,20
1123705620000,37,20
1123715940200,37,20
1333702180000,37,20
1333705160000,37,20
1113703150000,37,21
1123700510000,37,21
1123701370000,37,21
1123701690000,37,21
1123701710000,37,21
1123701720000,37,21
1123705750000,37,21
1123709910000,37,21
1123715740000,37,21
1123721080000,37,21
1333701470000,37,21
1113701090000,37,32
1123704280000,37,32
1123706820000,37,32
1123709880000,37,32
1113700770000,37,33
1123701880000,37,33
1123702460000,37,33
1123703270000,37,33
1123718250000,37,33
1123718310000,37,33
1123720780000,37,33
1123721210000,37,33
1333705550000,37,33
1123715700000,37,35
1123718400000,37,35
1123720490000,37,35
1113701870000,37,36
1123706090000,37,36
1123706100000,37,36
1123720690000,37,36
1123706740000,37,37
1123709930000,37,37
1123701130000,37,42
1123701930000,37,42
1123702030000,37,42
1123702080000,37,42
1123703160000,37,42
1123703170000,37,42
1123703180000,37,42
1123703230000,37,42
1123706770000,37,42
1123706780000,37,42
1123708340000,37,42
1123708350000,37,42
1123708360000,37,42
1123716130000,37,42
1123700540000,37,43
1123706050000,37,43
1123717250000,37,43
1333700610000,37,43
1333700790000,37,43
1333701650000,37,43
1333705100000,37,43
1123711210000,37,44
1123715750000,37,44
1123716080000,37,44
1123716560000,37,44
1333700860000,37,44
1333704440000,37,44
1123701890000,37,45
1123702510000,37,45
1123705100000,37,45
1123706550000,37,45
1123716050000,37,45
1123716060000,37,45
1123721310000,37,45
1333702160000,37,45
1113703280000,37,50
1123700530000,37,50
1123704240000,37,50
1123704250000,37,50
1123704260000,37,50
1123704270000,37,50
1123704570000,37,50
1123706670000,37,50
1123707290000,37,50
1123709890000,37,50
1123709890200,37,50
1123713300000,37,50
1123714450000,37,50
1123716480000,37,50
1123719170000,37,50
1113702010000,37,52
1123700520000,37,52
1123709950000,37,52
1123713790000,37,52
1123720480000,37,52
1113701810000,37,53
1113702420000,37,53
1123704980000,37,53
1123707300000,37,53
1123712010000,37,53
1123712720000,37,53
1123803710000,38,13
1123803720000,38,13
1123803790000,38,13
1123810900200,38,13
1333801180000,38,13
1333801640000,38,13
1123804360000,38,50
1123816820000,38,50
1333802400000,38,50
1333802910000,38,50
1333803270000,38,50
1333804720000,38,50
1333800020000,38,18
1333800660000,38,18
1333800730000,38,18
1333800740000,38,18
1333800750000,38,18
1333802610000,38,18
1333804290000,38,18
1333804540000,38,18
1113800750000,38,22
1123801470000,38,22
1123803120000,38,22
1123804660000,38,22
1123804670000,38,22
1123804680000,38,22
1123804930000,38,22
1123820940000,38,22
1123820950000,38,22
1333804590000,38,22
1113803050000,38,25
1333801130000,38,25
1333802360000,38,25
1333803350000,38,25
1333804020000,38,25
1333804840000,38,26
1333805090000,38,26
1123806140000,38,27
1123803730000,38,32
1123804720000,38,32
1123806710000,38,32
1123800710000,38,33
1123801590000,38,33
1333800670000,38,33
1333805540000,38,33
1113800330000,38,34
1113800340000,38,34
1123800750000,38,34
1123801460000,38,34
1123802120000,38,34
1123802270000,38,34
1123802950000,38,34
1123803100000,38,34
1123805190000,38,34
1123805200000,38,34
1123817390000,38,34
1333800640000,38,34
1333800650000,38,34
1333804860000,38,34
1333805470000,38,34
1113802900000,38,36
1123800740000,38,36
1123804710000,38,36
1123804910000,38,36
1123807380000,38,36
1123807570000,38,36
1123809980000,38,36
1123811200000,38,36
1123814710000,38,36
1123818260000,38,36
1123818270000,38,36
1333800930000,38,36
1333800940000,38,36
1333800950000,38,36
1333800970000,38,36
1333800980000,38,36
1333801000000,38,36
1123804950000,38,42
1123813170000,38,42
1333801190000,38,42
1333801200000,38,42
1123814460000,38,44
1123818490000,38,44
1333802320000,38,44
1333802330000,38,44
1113800470000,38,45
1123803800000,38,45
1123805000000,38,45
1123813640000,38,45
1123813650000,38,45
1123813780000,38,45
1333801510000,38,45
1333804530000,38,45
1113802330100,38,46
1123800720000,38,46
1123800730000,38,46
1123803740000,38,46
1123804730000,38,46
1123811120000,38,46
1123811130000,38,46
1123811140000,38,46
1123813160000,38,46
1123820930000,38,46
1333801080000,38,46
1333802140000,38,46
1333803050000,38,46
1123802940000,38,47
1123803750000,38,47
1123803760000,38,47
1123804740000,38,47
1333803220000,38,47
1333804990000,38,47
1123803770000,38,48
1123803780000,38,48
1123805300000,38,48
1123814360000,38,48
1333802390000,38,48
1113800320000,38,49
1113800520000,38,49
1113802060000,38,49
1123801280000,38,49
1123801290000,38,49
1123802220000,38,49
1123802530000,38,49
1123802640000,38,49
1123802650000,38,49
1123802660000,38,49
1123803530000,38,49
1123803810000,38,49
1123804800000,38,49
1123804890000,38,49
1123805180000,38,49
1123807340000,38,49
1123812420000,38,49
1123812530000,38,49
1123812730000,38,49
1123813000000,38,49
1123813010000,38,49
1333801310000,38,49
1333803260000,38,49
1333805040000,38,49
1123903220000,50,01
1123911870000,50,01
1125019020000,50,01
1333903800000,50,01
1333904120000,50,01
1333904160000,50,01
1333905220000,50,01
1123905470200,50,02
1333904870000,50,02
1124521190000,45,
